[17:07:47] [main/INFO] [LaunchWrapper]: Loading tweak class name net.minecraftforge.fml.common.launcher.FMLServerTweaker
[17:07:47] [main/INFO] [LaunchWrapper]: Using primary tweak class name net.minecraftforge.fml.common.launcher.FMLServerTweaker
[17:07:47] [main/INFO] [LaunchWrapper]: Calling tweak class net.minecraftforge.fml.common.launcher.FMLServerTweaker
[17:07:47] [main/INFO] [FML]: Forge Mod Loader version 14.23.5.2860 for Minecraft 1.12.2 loading
[17:07:47] [main/INFO] [FML]: Java is OpenJDK 64-Bit Server VM, version 1.8.0_462, running on Linux:amd64:6.8.0-1030-azure, installed at /usr/lib/jvm/java-8-openjdk-amd64/jre
[17:07:47] [main/INFO] [FML]: Searching /workspaces/worldLite/servidor_minecraft/./mods for mods
[17:07:47] [main/WARN] [FML]: Found FMLCorePluginContainsFMLMod marker in Chocolate_Quest_Repoured-1.12.2-2.7.1B.jar. This is not recommended, @Mods should be in a separate jar from the coremod.
[17:07:47] [main/WARN] [FML]: The coremod CQRPlugin (team.cqr.cqrepoured.asm.CQRPlugin) is not signed!
[17:07:47] [main/WARN] [FML]: Found FMLCorePluginContainsFMLMod marker in LucraftCore-1.12.2-2.4.17.jar. This is not recommended, @Mods should be in a separate jar from the coremod.
[17:07:47] [main/WARN] [FML]: The coremod lucraft.mods.lucraftcore.core.LucraftCoreCoreMod does not have a MCVersion annotation, it may cause issues with this version of Minecraft
[17:07:47] [main/WARN] [FML]: The coremod LucraftCoreCoreMod (lucraft.mods.lucraftcore.core.LucraftCoreCoreMod) is not signed!
[17:07:47] [main/WARN] [FML]: The coremod ObfuscatePlugin (com.mrcrayfish.obfuscate.asm.ObfuscatePlugin) is not signed!
[17:07:47] [main/WARN] [FML]: Found FMLCorePluginContainsFMLMod marker in OpenModsLib-1.12.2-0.12.2.jar. This is not recommended, @Mods should be in a separate jar from the coremod.
[17:07:47] [main/WARN] [FML]: The coremod openmods.core.OpenModsCorePlugin does not have a MCVersion annotation, it may cause issues with this version of Minecraft
[17:07:47] [main/WARN] [FML]: Found FMLCorePluginContainsFMLMod marker in PymTech-1.12.2-1.0.2.jar. This is not recommended, @Mods should be in a separate jar from the coremod.
[17:07:47] [main/WARN] [FML]: The coremod pymtech (lucraft.mods.pymtech.core.PymTechLoadingPlugin) is not signed!
[17:07:47] [main/WARN] [FML]: Found FMLCorePluginContainsFMLMod marker in ReachFix-1.12.2-1.1.3.jar. This is not recommended, @Mods should be in a separate jar from the coremod.
[17:07:47] [main/WARN] [FML]: The coremod ReachFixPlugin (meldexun.reachfix.asm.ReachFixPlugin) is not signed!
[17:07:47] [main/WARN] [FML]: Found FMLCorePluginContainsFMLMod marker in twilightforest-1.12.2-3.13b.jar. This is not recommended, @Mods should be in a separate jar from the coremod.
[17:07:47] [main/WARN] [FML]: The coremod twilightforest.core.TFCore does not have a MCVersion annotation, it may cause issues with this version of Minecraft
[17:07:47] [main/WARN] [FML]: The coremod TFCore (twilightforest.core.TFCore) is not signed!
[17:07:47] [main/INFO] [LaunchWrapper]: Loading tweak class name net.minecraftforge.fml.common.launcher.FMLInjectionAndSortingTweaker
[17:07:47] [main/INFO] [LaunchWrapper]: Loading tweak class name net.minecraftforge.fml.common.launcher.FMLDeobfTweaker
[17:07:47] [main/INFO] [LaunchWrapper]: Calling tweak class net.minecraftforge.fml.common.launcher.FMLInjectionAndSortingTweaker
[17:07:47] [main/INFO] [LaunchWrapper]: Calling tweak class net.minecraftforge.fml.common.launcher.FMLInjectionAndSortingTweaker
[17:07:47] [main/INFO] [LaunchWrapper]: Calling tweak class net.minecraftforge.fml.relauncher.CoreModManager$FMLPluginWrapper
[17:07:49] [main/INFO] [FML]: Found valid fingerprint for Minecraft Forge. Certificate fingerprint e3c3d50c7c986df74c645c0ac54639741c90a557
[17:07:49] [main/INFO] [LaunchWrapper]: Calling tweak class net.minecraftforge.fml.relauncher.CoreModManager$FMLPluginWrapper
[17:07:49] [main/INFO] [LaunchWrapper]: Calling tweak class net.minecraftforge.fml.relauncher.CoreModManager$FMLPluginWrapper
[17:07:49] [main/INFO] [LaunchWrapper]: Calling tweak class net.minecraftforge.fml.relauncher.CoreModManager$FMLPluginWrapper
[17:07:49] [main/INFO] [LaunchWrapper]: Calling tweak class net.minecraftforge.fml.common.launcher.FMLDeobfTweaker
[17:07:49] [main/INFO] [LaunchWrapper]: Calling tweak class net.minecraftforge.fml.relauncher.CoreModManager$FMLPluginWrapper
[17:07:49] [main/INFO] [LaunchWrapper]: Calling tweak class net.minecraftforge.fml.relauncher.CoreModManager$FMLPluginWrapper
[17:07:49] [main/INFO] [LaunchWrapper]: Calling tweak class net.minecraftforge.fml.relauncher.CoreModManager$FMLPluginWrapper
[17:07:49] [main/INFO] [LaunchWrapper]: Calling tweak class net.minecraftforge.fml.relauncher.CoreModManager$FMLPluginWrapper
[17:07:49] [main/INFO] [LaunchWrapper]: Calling tweak class net.minecraftforge.fml.relauncher.CoreModManager$FMLPluginWrapper
[17:07:49] [main/INFO] [LaunchWrapper]: Calling tweak class net.minecraftforge.fml.relauncher.CoreModManager$FMLPluginWrapper
[17:07:49] [main/INFO] [LaunchWrapper]: Loading tweak class name net.minecraftforge.fml.common.launcher.TerminalTweaker
[17:07:49] [main/INFO] [LaunchWrapper]: Calling tweak class net.minecraftforge.fml.common.launcher.TerminalTweaker
[17:07:50] [main/INFO] [LaunchWrapper]: Launching wrapped minecraft {net.minecraft.server.MinecraftServer}
[17:07:51] [main/INFO] [ASMUtil]: Transforming class net/minecraft/entity/projectile/EntityPotion
[17:07:51] [main/INFO] [ASMUtil]: Transforming method net/minecraft/entity/projectile/EntityPotion.func_190544_c(Lnet/minecraft/entity/EntityLivingBase;)Z
[17:07:51] [main/INFO] [ASMUtil]: Transforming class net/minecraft/entity/monster/EntityEnderman
[17:07:51] [main/INFO] [ASMUtil]: Transforming class net/minecraft/entity/monster/EntityEnderman
[17:07:51] [main/INFO] [ASMUtil]: Transforming class net/minecraft/entity/boss/EntityDragon
[17:07:51] [main/INFO] [ASMUtil]: Transforming class net/minecraft/entity/boss/EntityDragon
[17:07:51] [main/INFO] [ASMUtil]: Transforming class net/minecraft/entity/monster/EntityShulker
[17:07:51] [main/INFO] [ASMUtil]: Transforming class net/minecraft/entity/monster/EntityShulker
[17:07:52] [Server thread/INFO] [net.minecraft.server.dedicated.DedicatedServer]: Starting minecraft server version 1.12.2
[17:07:52] [Server thread/INFO] [FML]: MinecraftForge v14.23.5.2860 Initialized
[17:07:52] [Server thread/INFO] [FML]: Starts to replace vanilla recipe ingredients with ore ingredients.
[17:07:52] [Server thread/INFO] [FML]: Invalid recipe found with multiple oredict ingredients in the same ingredient...
[17:07:52] [Server thread/INFO] [FML]: Replaced 1227 ore ingredients
[17:07:53] [Server thread/INFO] [FML]: Searching /workspaces/worldLite/servidor_minecraft/./mods for mods
[17:07:53] [Server thread/WARN] [FML]: Mod cqrepoured is missing the required element 'version' and a version.properties file could not be found. Falling back to metadata version 2.7.1B
[17:07:53] [Server thread/INFO] [FML]: Mod fnafroblocks is missing the required element 'name'. Substituting fnafroblocks
[17:07:54] [Server thread/WARN] [FML]: Mod reachfix is missing the required element 'version' and a version.properties file could not be found. Falling back to metadata version 1.1.3
[17:07:54] [Server thread/INFO] [FML]: Forge Mod Loader has identified 41 mods to load
[17:07:54] [Server thread/WARN] [FML]: Missing English translation for FML: assets/fml/lang/en_us.lang
[17:07:54] [Server thread/WARN] [FML]: Missing English translation for letyourfriendeating: assets/letyourfriendeating/lang/en_us.lang
[17:07:54] [Server thread/WARN] [FML]: Missing English translation for mantle: assets/mantle/lang/en_us.lang
[17:07:54] [Server thread/WARN] [FML]: Missing English translation for reachfix: assets/reachfix/lang/en_us.lang
[17:07:55] [Server thread/INFO] [FML]: Attempting connection with missing mods [minecraft, mcp, FML, forge, openmodscore, obfuscate, aquaculture, artifacts, baddragonmod, baubles, bibliocraft, bloodmagic, botania, cannibalism, cqrepoured, sexmod, fnafroblocks, fossil, geckolib3, grimoireofgaia, guideapi, huntersdream, knapm, letyourfriendeating, lmmlcm, lovely_robot, lucraftcore, magicmirror, mantle, naturescompass, netherbackport, openblocks, openmods, pymtech, reachfix, rustic, taiga, tconstruct, travelersbackpack, twilightforest, llibrary] at CLIENT
[17:07:55] [Server thread/INFO] [FML]: Attempting connection with missing mods [minecraft, mcp, FML, forge, openmodscore, obfuscate, aquaculture, artifacts, baddragonmod, baubles, bibliocraft, bloodmagic, botania, cannibalism, cqrepoured, sexmod, fnafroblocks, fossil, geckolib3, grimoireofgaia, guideapi, huntersdream, knapm, letyourfriendeating, lmmlcm, lovely_robot, lucraftcore, magicmirror, mantle, naturescompass, netherbackport, openblocks, openmods, pymtech, reachfix, rustic, taiga, tconstruct, travelersbackpack, twilightforest, llibrary] at SERVER
[17:07:56] [Server thread/INFO] [letyourfriendeating]: LetYourFriendEatingMod is initializing...
[17:07:56] [Server thread/INFO] [letyourfriendeating]: FriendFeeder has been registered to the event bus.
[17:07:57] [Server thread/INFO] [Pulsar-tconstruct]: Skipping Pulse chiselIntegration; missing dependency: chisel
[17:07:57] [Server thread/INFO] [Pulsar-tconstruct]: Skipping Pulse chiselsandbitsIntegration; missing dependency: chiselsandbits
[17:07:57] [Server thread/INFO] [Pulsar-tconstruct]: Skipping Pulse craftingtweaksIntegration; missing dependency: craftingtweaks
[17:07:57] [Server thread/INFO] [Pulsar-tconstruct]: Skipping Pulse wailaIntegration; missing dependency: waila
[17:07:57] [Server thread/INFO] [Pulsar-tconstruct]: Skipping Pulse theoneprobeIntegration; missing dependency: theoneprobe
[17:07:57] [Server thread/INFO] [Pulsar-tconstruct]: Skipping Pulse quarkIntegration; missing dependency: quark
[17:07:57] [Server thread/INFO] [tconstruct]: Preparing to take over the world
[17:07:57] [Server thread/WARN] [FML]: Potentially Dangerous alternative prefix `lucraftcore` for name `radiation`, expected `minecraft`. This could be a intended override, but in most cases indicates a broken mod.
[17:07:57] [Server thread/INFO] [FML]: Processing ObjectHolder annotations
[17:07:58] [Server thread/INFO] [FML]: Found 2568 ObjectHolder annotations
[17:07:58] [Server thread/INFO] [FML]: Identifying ItemStackHolder annotations
[17:07:58] [Server thread/INFO] [FML]: Found 0 ItemStackHolder annotations
[17:07:58] [Server thread/INFO] [FML]: Configured a dormant chunk cache size of 0
[17:07:58] [Forge Version Check/INFO] [forge.VersionCheck]: [twilightforest] Starting version check at https://raw.githubusercontent.com/TeamTwilight/twilightforest/1.12.x/update.json
[17:07:58] [Server thread/INFO] [Obfuscate]: Successfully injected SyncedPlayerData capability
[17:07:58] [Forge Version Check/INFO] [forge.VersionCheck]: [twilightforest] Found status: AHEAD Target: null
[17:07:58] [Forge Version Check/INFO] [forge.VersionCheck]: [llibrary] Starting version check at https://gist.githubusercontent.com/Gegy/a6639456aeb8edd92cbf7cbfcf9d65d9/raw/llibrary_updates.json
[17:07:59] [Server thread/INFO] [cannibalism]: [Cannibalism] Initializating Mod
[17:07:59] [Server thread/INFO] [cannibalism]: [Cannibalism] Adding Items, events, and Syncing Config
[17:07:59] [Forge Version Check/INFO] [forge.VersionCheck]: [llibrary] Found status: UP_TO_DATE Target: null
[17:07:59] [Server thread/INFO] [STDOUT]: [sorazodia.cannibalism.config.JSONConfig:<init>:50]: [Cannibalism] Config path: /workspaces/worldLite/servidor_minecraft/config/cannibalism
[17:07:59] [Forge Version Check/INFO] [forge.VersionCheck]: [artifacts] Starting version check at https://raw.githubusercontent.com/ochotonida/artifacts/1.12/update.json
[17:07:59] [Forge Version Check/INFO] [forge.VersionCheck]: [artifacts] Found status: AHEAD Target: null
[17:07:59] [Forge Version Check/INFO] [forge.VersionCheck]: [openblocks] Starting version check at http://openmods.info/versions/openblocks.json
[17:08:00] [Forge Version Check/INFO] [forge.VersionCheck]: [openblocks] Found status: AHEAD Target: null
[17:08:00] [Forge Version Check/INFO] [forge.VersionCheck]: [travelersbackpack] Starting version check at https://gist.githubusercontent.com/Tiviacz1337/906937677aa472285dff9d6c2a189d5e/raw
[17:08:00] [Forge Version Check/INFO] [forge.VersionCheck]: [travelersbackpack] Found status: AHEAD Target: null
[17:08:00] [Forge Version Check/INFO] [forge.VersionCheck]: [forge] Starting version check at http://files.minecraftforge.net/maven/net/minecraftforge/forge/promotions_slim.json
[17:08:00] [Server thread/INFO] [fossils]: Started Tinkers integration for FossilsArcheology
[17:08:00] [Server thread/WARN] [FML]: Potentially Dangerous alternative prefix `tconstruct` for name `enderference`, expected `fossil`. This could be a intended override, but in most cases indicates a broken mod.
[17:08:00] [Server thread/WARN] [FML]: Potentially Dangerous alternative prefix `tconstruct` for name `insatiable`, expected `fossil`. This could be a intended override, but in most cases indicates a broken mod.
[17:08:00] [Server thread/WARN] [FML]: Potentially Dangerous alternative prefix `tconstruct` for name `magnetic`, expected `fossil`. This could be a intended override, but in most cases indicates a broken mod.
[17:08:00] [Server thread/WARN] [FML]: Potentially Dangerous alternative prefix `tconstruct` for name `momentum`, expected `fossil`. This could be a intended override, but in most cases indicates a broken mod.
[17:08:00] [Server thread/WARN] [FML]: Potentially Dangerous alternative prefix `tconstruct` for name `dot`, expected `fossil`. This could be a intended override, but in most cases indicates a broken mod.
[17:08:00] [Server thread/WARN] [FML]: Potentially Dangerous alternative prefix `tconstruct` for name `splinter`, expected `fossil`. This could be a intended override, but in most cases indicates a broken mod.
[17:08:00] [Server thread/INFO] [fossils]: Archaean horizon
[17:08:00] [Server thread/INFO] [fossils]: The first sunrise
[17:08:00] [Server thread/INFO] [fossils]: On a pristine Gaea
[17:08:00] [Server thread/INFO] [fossils]: Opus perfectum
[17:08:00] [Server thread/INFO] [fossils]: Somewhere there, us sleeping
[17:08:00] [Forge Version Check/INFO] [forge.VersionCheck]: [forge] Found status: AHEAD Target: null
[17:08:00] [Forge Version Check/INFO] [forge.VersionCheck]: [openmods] Starting version check at http://openmods.info/versions/openmodslib.json
[17:08:00] [Server thread/INFO] [twilightforest]: Loaded compatibility for mod Baubles.
[17:08:00] [Server thread/INFO] [twilightforest]: Skipped compatibility for mod Chisel.
[17:08:00] [Server thread/INFO] [twilightforest]: Skipped compatibility for mod Forestry.
[17:08:00] [Server thread/INFO] [twilightforest]: Skipped compatibility for mod Immersive Engineering.
[17:08:00] [Server thread/INFO] [twilightforest]: Skipped compatibility for mod Just Enough Items.
[17:08:00] [Server thread/INFO] [twilightforest]: Loaded compatibility for mod Tinkers' Construct.
[17:08:00] [Server thread/INFO] [twilightforest]: Skipped compatibility for mod Thaumcraft.
[17:08:01] [Forge Version Check/INFO] [forge.VersionCheck]: [openmods] Found status: AHEAD Target: null
[17:08:01] [Forge Version Check/INFO] [forge.VersionCheck]: [huntersdream] Starting version check at https://raw.githubusercontent.com/TheGamingLord/HuntersDream/master/updatechecker.json
[17:08:01] [Forge Version Check/INFO] [forge.VersionCheck]: [huntersdream] Found status: AHEAD Target: null
[17:08:01] [Server thread/INFO] [lucraftcore]: Successfully read supporter information file!
[17:08:01] [Server thread/WARN] [FML]: Potentially Dangerous alternative prefix `minecraft` for name `construction_table`, expected `lucraftcore`. This could be a intended override, but in most cases indicates a broken mod.
[17:08:01] [Server thread/WARN] [FML]: Potentially Dangerous alternative prefix `minecraft` for name `suit_stand`, expected `lucraftcore`. This could be a intended override, but in most cases indicates a broken mod.
[17:08:01] [Server thread/WARN] [FML]: Potentially Dangerous alternative prefix `minecraft` for name `extractor`, expected `lucraftcore`. This could be a intended override, but in most cases indicates a broken mod.
[17:08:01] [Server thread/WARN] [FML]: Potentially Dangerous alternative prefix `minecraft` for name `boiler`, expected `lucraftcore`. This could be a intended override, but in most cases indicates a broken mod.
[17:08:01] [Server thread/WARN] [FML]: Potentially Dangerous alternative prefix `minecraft` for name `furnace_generator`, expected `lucraftcore`. This could be a intended override, but in most cases indicates a broken mod.
[17:08:01] [Server thread/INFO] [lucraftcore]: Registered module 'Utilities'
[17:08:01] [Server thread/INFO] [lucraftcore]: Registered module 'AddonPacks'
[17:08:01] [Server thread/INFO] [lucraftcore]: Registered module 'Materials'
[17:08:01] [Server thread/INFO] [lucraftcore]: Registered module 'Superpowers'
[17:08:01] [Server thread/INFO] [lucraftcore]: Registered module 'ExtendedInventory'
[17:08:01] [Server thread/INFO] [lucraftcore]: Registered module 'Karma'
[17:08:01] [Server thread/INFO] [lucraftcore]: Registered module 'Infinity'
[17:08:01] [Server thread/INFO] [lucraftcore]: Registered module 'SizeChanging'
[17:08:01] [Server thread/INFO] [lucraftcore]: Module 'Utilities' started pre-initialization
[17:08:01] [Server thread/INFO] [lucraftcore]: Module 'AddonPacks' started pre-initialization
[17:08:01] [Server thread/INFO] [lucraftcore]: Loading addonpacks from '../addonpacks'
[17:08:01] [Server thread/INFO] [STDERR]: [lucraft.mods.lucraftcore.addonpacks.AddonPackHandler:processPackZip:214]: java.io.FileNotFoundException: minecraft.jar (No such file or directory)
[17:08:01] [Server thread/INFO] [STDERR]: [lucraft.mods.lucraftcore.addonpacks.AddonPackHandler:processPackZip:214]: 	at java.util.zip.ZipFile.open(Native Method)
[17:08:01] [Server thread/INFO] [STDERR]: [lucraft.mods.lucraftcore.addonpacks.AddonPackHandler:processPackZip:214]: 	at java.util.zip.ZipFile.<init>(ZipFile.java:231)
[17:08:01] [Server thread/INFO] [STDERR]: [lucraft.mods.lucraftcore.addonpacks.AddonPackHandler:processPackZip:214]: 	at java.util.zip.ZipFile.<init>(ZipFile.java:157)
[17:08:01] [Server thread/INFO] [STDERR]: [lucraft.mods.lucraftcore.addonpacks.AddonPackHandler:processPackZip:214]: 	at java.util.zip.ZipFile.<init>(ZipFile.java:171)
[17:08:01] [Server thread/INFO] [STDERR]: [lucraft.mods.lucraftcore.addonpacks.AddonPackHandler:processPackZip:214]: 	at lucraft.mods.lucraftcore.addonpacks.AddonPackHandler.processPackZip(AddonPackHandler.java:162)
[17:08:01] [Server thread/INFO] [STDERR]: [lucraft.mods.lucraftcore.addonpacks.AddonPackHandler:processPackZip:214]: 	at lucraft.mods.lucraftcore.addonpacks.AddonPackHandler.load(AddonPackHandler.java:78)
[17:08:01] [Server thread/INFO] [STDERR]: [lucraft.mods.lucraftcore.addonpacks.AddonPackHandler:processPackZip:214]: 	at lucraft.mods.lucraftcore.addonpacks.ModuleAddonPacks.preInit(ModuleAddonPacks.java:16)
[17:08:01] [Server thread/INFO] [STDERR]: [lucraft.mods.lucraftcore.addonpacks.AddonPackHandler:processPackZip:214]: 	at lucraft.mods.lucraftcore.LucraftCore.lambda$preInit$0(LucraftCore.java:112)
[17:08:01] [Server thread/INFO] [STDERR]: [lucraft.mods.lucraftcore.addonpacks.AddonPackHandler:processPackZip:214]: 	at java.lang.Iterable.forEach(Iterable.java:75)
[17:08:01] [Server thread/INFO] [STDERR]: [lucraft.mods.lucraftcore.addonpacks.AddonPackHandler:processPackZip:214]: 	at lucraft.mods.lucraftcore.LucraftCore.preInit(LucraftCore.java:110)
[17:08:01] [Server thread/INFO] [STDERR]: [lucraft.mods.lucraftcore.addonpacks.AddonPackHandler:processPackZip:214]: 	at sun.reflect.NativeMethodAccessorImpl.invoke0(Native Method)
[17:08:01] [Server thread/INFO] [STDERR]: [lucraft.mods.lucraftcore.addonpacks.AddonPackHandler:processPackZip:214]: 	at sun.reflect.NativeMethodAccessorImpl.invoke(NativeMethodAccessorImpl.java:62)
[17:08:01] [Server thread/INFO] [STDERR]: [lucraft.mods.lucraftcore.addonpacks.AddonPackHandler:processPackZip:214]: 	at sun.reflect.DelegatingMethodAccessorImpl.invoke(DelegatingMethodAccessorImpl.java:43)
[17:08:01] [Server thread/INFO] [STDERR]: [lucraft.mods.lucraftcore.addonpacks.AddonPackHandler:processPackZip:214]: 	at java.lang.reflect.Method.invoke(Method.java:498)
[17:08:01] [Server thread/INFO] [STDERR]: [lucraft.mods.lucraftcore.addonpacks.AddonPackHandler:processPackZip:214]: 	at net.minecraftforge.fml.common.FMLModContainer.handleModStateEvent(FMLModContainer.java:637)
[17:08:01] [Server thread/INFO] [STDERR]: [lucraft.mods.lucraftcore.addonpacks.AddonPackHandler:processPackZip:214]: 	at sun.reflect.GeneratedMethodAccessor11.invoke(Unknown Source)
[17:08:01] [Server thread/INFO] [STDERR]: [lucraft.mods.lucraftcore.addonpacks.AddonPackHandler:processPackZip:214]: 	at sun.reflect.DelegatingMethodAccessorImpl.invoke(DelegatingMethodAccessorImpl.java:43)
[17:08:01] [Server thread/INFO] [STDERR]: [lucraft.mods.lucraftcore.addonpacks.AddonPackHandler:processPackZip:214]: 	at java.lang.reflect.Method.invoke(Method.java:498)
[17:08:01] [Server thread/INFO] [STDERR]: [lucraft.mods.lucraftcore.addonpacks.AddonPackHandler:processPackZip:214]: 	at com.google.common.eventbus.Subscriber.invokeSubscriberMethod(Subscriber.java:91)
[17:08:01] [Server thread/INFO] [STDERR]: [lucraft.mods.lucraftcore.addonpacks.AddonPackHandler:processPackZip:214]: 	at com.google.common.eventbus.Subscriber$SynchronizedSubscriber.invokeSubscriberMethod(Subscriber.java:150)
[17:08:01] [Server thread/INFO] [STDERR]: [lucraft.mods.lucraftcore.addonpacks.AddonPackHandler:processPackZip:214]: 	at com.google.common.eventbus.Subscriber$1.run(Subscriber.java:76)
[17:08:01] [Server thread/INFO] [STDERR]: [lucraft.mods.lucraftcore.addonpacks.AddonPackHandler:processPackZip:214]: 	at com.google.common.util.concurrent.MoreExecutors$DirectExecutor.execute(MoreExecutors.java:399)
[17:08:01] [Server thread/INFO] [STDERR]: [lucraft.mods.lucraftcore.addonpacks.AddonPackHandler:processPackZip:214]: 	at com.google.common.eventbus.Subscriber.dispatchEvent(Subscriber.java:71)
[17:08:01] [Server thread/INFO] [STDERR]: [lucraft.mods.lucraftcore.addonpacks.AddonPackHandler:processPackZip:214]: 	at com.google.common.eventbus.Dispatcher$PerThreadQueuedDispatcher.dispatch(Dispatcher.java:116)
[17:08:01] [Server thread/INFO] [STDERR]: [lucraft.mods.lucraftcore.addonpacks.AddonPackHandler:processPackZip:214]: 	at com.google.common.eventbus.EventBus.post(EventBus.java:217)
[17:08:01] [Server thread/INFO] [STDERR]: [lucraft.mods.lucraftcore.addonpacks.AddonPackHandler:processPackZip:214]: 	at net.minecraftforge.fml.common.LoadController.sendEventToModContainer(LoadController.java:219)
[17:08:01] [Server thread/INFO] [STDERR]: [lucraft.mods.lucraftcore.addonpacks.AddonPackHandler:processPackZip:214]: 	at net.minecraftforge.fml.common.LoadController.propogateStateMessage(LoadController.java:197)
[17:08:01] [Server thread/INFO] [STDERR]: [lucraft.mods.lucraftcore.addonpacks.AddonPackHandler:processPackZip:214]: 	at sun.reflect.NativeMethodAccessorImpl.invoke0(Native Method)
[17:08:01] [Server thread/INFO] [STDERR]: [lucraft.mods.lucraftcore.addonpacks.AddonPackHandler:processPackZip:214]: 	at sun.reflect.NativeMethodAccessorImpl.invoke(NativeMethodAccessorImpl.java:62)
[17:08:01] [Server thread/INFO] [STDERR]: [lucraft.mods.lucraftcore.addonpacks.AddonPackHandler:processPackZip:214]: 	at sun.reflect.DelegatingMethodAccessorImpl.invoke(DelegatingMethodAccessorImpl.java:43)
[17:08:01] [Server thread/INFO] [STDERR]: [lucraft.mods.lucraftcore.addonpacks.AddonPackHandler:processPackZip:214]: 	at java.lang.reflect.Method.invoke(Method.java:498)
[17:08:01] [Server thread/INFO] [STDERR]: [lucraft.mods.lucraftcore.addonpacks.AddonPackHandler:processPackZip:214]: 	at com.google.common.eventbus.Subscriber.invokeSubscriberMethod(Subscriber.java:91)
[17:08:01] [Server thread/INFO] [STDERR]: [lucraft.mods.lucraftcore.addonpacks.AddonPackHandler:processPackZip:214]: 	at com.google.common.eventbus.Subscriber$SynchronizedSubscriber.invokeSubscriberMethod(Subscriber.java:150)
[17:08:01] [Server thread/INFO] [STDERR]: [lucraft.mods.lucraftcore.addonpacks.AddonPackHandler:processPackZip:214]: 	at com.google.common.eventbus.Subscriber$1.run(Subscriber.java:76)
[17:08:01] [Server thread/INFO] [STDERR]: [lucraft.mods.lucraftcore.addonpacks.AddonPackHandler:processPackZip:214]: 	at com.google.common.util.concurrent.MoreExecutors$DirectExecutor.execute(MoreExecutors.java:399)
[17:08:01] [Server thread/INFO] [STDERR]: [lucraft.mods.lucraftcore.addonpacks.AddonPackHandler:processPackZip:214]: 	at com.google.common.eventbus.Subscriber.dispatchEvent(Subscriber.java:71)
[17:08:01] [Server thread/INFO] [STDERR]: [lucraft.mods.lucraftcore.addonpacks.AddonPackHandler:processPackZip:214]: 	at com.google.common.eventbus.Dispatcher$PerThreadQueuedDispatcher.dispatch(Dispatcher.java:116)
[17:08:01] [Server thread/INFO] [STDERR]: [lucraft.mods.lucraftcore.addonpacks.AddonPackHandler:processPackZip:214]: 	at com.google.common.eventbus.EventBus.post(EventBus.java:217)
[17:08:01] [Server thread/INFO] [STDERR]: [lucraft.mods.lucraftcore.addonpacks.AddonPackHandler:processPackZip:214]: 	at net.minecraftforge.fml.common.LoadController.distributeStateMessage(LoadController.java:136)
[17:08:01] [Server thread/INFO] [STDERR]: [lucraft.mods.lucraftcore.addonpacks.AddonPackHandler:processPackZip:214]: 	at net.minecraftforge.fml.common.Loader.preinitializeMods(Loader.java:629)
[17:08:01] [Server thread/INFO] [STDERR]: [lucraft.mods.lucraftcore.addonpacks.AddonPackHandler:processPackZip:214]: 	at net.minecraftforge.fml.server.FMLServerHandler.beginServerLoading(FMLServerHandler.java:99)
[17:08:01] [Server thread/INFO] [STDERR]: [lucraft.mods.lucraftcore.addonpacks.AddonPackHandler:processPackZip:214]: 	at net.minecraftforge.fml.common.FMLCommonHandler.onServerStart(FMLCommonHandler.java:333)
[17:08:01] [Server thread/INFO] [STDERR]: [lucraft.mods.lucraftcore.addonpacks.AddonPackHandler:processPackZip:214]: 	at net.minecraft.server.dedicated.DedicatedServer.func_71197_b(DedicatedServer.java:125)
[17:08:01] [Server thread/INFO] [STDERR]: [lucraft.mods.lucraftcore.addonpacks.AddonPackHandler:processPackZip:214]: 	at net.minecraft.server.MinecraftServer.run(MinecraftServer.java:486)
[17:08:01] [Server thread/INFO] [STDERR]: [lucraft.mods.lucraftcore.addonpacks.AddonPackHandler:processPackZip:214]: 	at java.lang.Thread.run(Thread.java:750)
[17:08:01] [Server thread/INFO] [STDERR]: [lucraft.mods.lucraftcore.addonpacks.AddonPackHandler:processPackZip:214]: java.io.FileNotFoundException: minecraft.jar (No such file or directory)
[17:08:01] [Server thread/INFO] [STDERR]: [lucraft.mods.lucraftcore.addonpacks.AddonPackHandler:processPackZip:214]: 	at java.util.zip.ZipFile.open(Native Method)
[17:08:01] [Server thread/INFO] [STDERR]: [lucraft.mods.lucraftcore.addonpacks.AddonPackHandler:processPackZip:214]: 	at java.util.zip.ZipFile.<init>(ZipFile.java:231)
[17:08:01] [Server thread/INFO] [STDERR]: [lucraft.mods.lucraftcore.addonpacks.AddonPackHandler:processPackZip:214]: 	at java.util.zip.ZipFile.<init>(ZipFile.java:157)
[17:08:01] [Server thread/INFO] [STDERR]: [lucraft.mods.lucraftcore.addonpacks.AddonPackHandler:processPackZip:214]: 	at java.util.zip.ZipFile.<init>(ZipFile.java:171)
[17:08:01] [Server thread/INFO] [STDERR]: [lucraft.mods.lucraftcore.addonpacks.AddonPackHandler:processPackZip:214]: 	at lucraft.mods.lucraftcore.addonpacks.AddonPackHandler.processPackZip(AddonPackHandler.java:162)
[17:08:01] [Server thread/INFO] [STDERR]: [lucraft.mods.lucraftcore.addonpacks.AddonPackHandler:processPackZip:214]: 	at lucraft.mods.lucraftcore.addonpacks.AddonPackHandler.load(AddonPackHandler.java:78)
[17:08:01] [Server thread/INFO] [STDERR]: [lucraft.mods.lucraftcore.addonpacks.AddonPackHandler:processPackZip:214]: 	at lucraft.mods.lucraftcore.addonpacks.ModuleAddonPacks.preInit(ModuleAddonPacks.java:16)
[17:08:01] [Server thread/INFO] [STDERR]: [lucraft.mods.lucraftcore.addonpacks.AddonPackHandler:processPackZip:214]: 	at lucraft.mods.lucraftcore.LucraftCore.lambda$preInit$0(LucraftCore.java:112)
[17:08:01] [Server thread/INFO] [STDERR]: [lucraft.mods.lucraftcore.addonpacks.AddonPackHandler:processPackZip:214]: 	at java.lang.Iterable.forEach(Iterable.java:75)
[17:08:01] [Server thread/INFO] [STDERR]: [lucraft.mods.lucraftcore.addonpacks.AddonPackHandler:processPackZip:214]: 	at lucraft.mods.lucraftcore.LucraftCore.preInit(LucraftCore.java:110)
[17:08:01] [Server thread/INFO] [STDERR]: [lucraft.mods.lucraftcore.addonpacks.AddonPackHandler:processPackZip:214]: 	at sun.reflect.NativeMethodAccessorImpl.invoke0(Native Method)
[17:08:01] [Server thread/INFO] [STDERR]: [lucraft.mods.lucraftcore.addonpacks.AddonPackHandler:processPackZip:214]: 	at sun.reflect.NativeMethodAccessorImpl.invoke(NativeMethodAccessorImpl.java:62)
[17:08:01] [Server thread/INFO] [STDERR]: [lucraft.mods.lucraftcore.addonpacks.AddonPackHandler:processPackZip:214]: 	at sun.reflect.DelegatingMethodAccessorImpl.invoke(DelegatingMethodAccessorImpl.java:43)
[17:08:01] [Server thread/INFO] [STDERR]: [lucraft.mods.lucraftcore.addonpacks.AddonPackHandler:processPackZip:214]: 	at java.lang.reflect.Method.invoke(Method.java:498)
[17:08:01] [Server thread/INFO] [STDERR]: [lucraft.mods.lucraftcore.addonpacks.AddonPackHandler:processPackZip:214]: 	at net.minecraftforge.fml.common.FMLModContainer.handleModStateEvent(FMLModContainer.java:637)
[17:08:01] [Server thread/INFO] [STDERR]: [lucraft.mods.lucraftcore.addonpacks.AddonPackHandler:processPackZip:214]: 	at sun.reflect.GeneratedMethodAccessor11.invoke(Unknown Source)
[17:08:01] [Server thread/INFO] [STDERR]: [lucraft.mods.lucraftcore.addonpacks.AddonPackHandler:processPackZip:214]: 	at sun.reflect.DelegatingMethodAccessorImpl.invoke(DelegatingMethodAccessorImpl.java:43)
[17:08:01] [Server thread/INFO] [STDERR]: [lucraft.mods.lucraftcore.addonpacks.AddonPackHandler:processPackZip:214]: 	at java.lang.reflect.Method.invoke(Method.java:498)
[17:08:01] [Server thread/INFO] [STDERR]: [lucraft.mods.lucraftcore.addonpacks.AddonPackHandler:processPackZip:214]: 	at com.google.common.eventbus.Subscriber.invokeSubscriberMethod(Subscriber.java:91)
[17:08:01] [Server thread/INFO] [STDERR]: [lucraft.mods.lucraftcore.addonpacks.AddonPackHandler:processPackZip:214]: 	at com.google.common.eventbus.Subscriber$SynchronizedSubscriber.invokeSubscriberMethod(Subscriber.java:150)
[17:08:01] [Server thread/INFO] [STDERR]: [lucraft.mods.lucraftcore.addonpacks.AddonPackHandler:processPackZip:214]: 	at com.google.common.eventbus.Subscriber$1.run(Subscriber.java:76)
[17:08:01] [Server thread/INFO] [STDERR]: [lucraft.mods.lucraftcore.addonpacks.AddonPackHandler:processPackZip:214]: 	at com.google.common.util.concurrent.MoreExecutors$DirectExecutor.execute(MoreExecutors.java:399)
[17:08:01] [Server thread/INFO] [STDERR]: [lucraft.mods.lucraftcore.addonpacks.AddonPackHandler:processPackZip:214]: 	at com.google.common.eventbus.Subscriber.dispatchEvent(Subscriber.java:71)
[17:08:01] [Server thread/INFO] [STDERR]: [lucraft.mods.lucraftcore.addonpacks.AddonPackHandler:processPackZip:214]: 	at com.google.common.eventbus.Dispatcher$PerThreadQueuedDispatcher.dispatch(Dispatcher.java:116)
[17:08:01] [Server thread/INFO] [STDERR]: [lucraft.mods.lucraftcore.addonpacks.AddonPackHandler:processPackZip:214]: 	at com.google.common.eventbus.EventBus.post(EventBus.java:217)
[17:08:01] [Server thread/INFO] [STDERR]: [lucraft.mods.lucraftcore.addonpacks.AddonPackHandler:processPackZip:214]: 	at net.minecraftforge.fml.common.LoadController.sendEventToModContainer(LoadController.java:219)
[17:08:01] [Server thread/INFO] [STDERR]: [lucraft.mods.lucraftcore.addonpacks.AddonPackHandler:processPackZip:214]: 	at net.minecraftforge.fml.common.LoadController.propogateStateMessage(LoadController.java:197)
[17:08:01] [Server thread/INFO] [STDERR]: [lucraft.mods.lucraftcore.addonpacks.AddonPackHandler:processPackZip:214]: 	at sun.reflect.NativeMethodAccessorImpl.invoke0(Native Method)
[17:08:01] [Server thread/INFO] [STDERR]: [lucraft.mods.lucraftcore.addonpacks.AddonPackHandler:processPackZip:214]: 	at sun.reflect.NativeMethodAccessorImpl.invoke(NativeMethodAccessorImpl.java:62)
[17:08:01] [Server thread/INFO] [STDERR]: [lucraft.mods.lucraftcore.addonpacks.AddonPackHandler:processPackZip:214]: 	at sun.reflect.DelegatingMethodAccessorImpl.invoke(DelegatingMethodAccessorImpl.java:43)
[17:08:01] [Server thread/INFO] [STDERR]: [lucraft.mods.lucraftcore.addonpacks.AddonPackHandler:processPackZip:214]: 	at java.lang.reflect.Method.invoke(Method.java:498)
[17:08:01] [Server thread/INFO] [STDERR]: [lucraft.mods.lucraftcore.addonpacks.AddonPackHandler:processPackZip:214]: 	at com.google.common.eventbus.Subscriber.invokeSubscriberMethod(Subscriber.java:91)
[17:08:01] [Server thread/INFO] [STDERR]: [lucraft.mods.lucraftcore.addonpacks.AddonPackHandler:processPackZip:214]: 	at com.google.common.eventbus.Subscriber$SynchronizedSubscriber.invokeSubscriberMethod(Subscriber.java:150)
[17:08:01] [Server thread/INFO] [STDERR]: [lucraft.mods.lucraftcore.addonpacks.AddonPackHandler:processPackZip:214]: 	at com.google.common.eventbus.Subscriber$1.run(Subscriber.java:76)
[17:08:01] [Server thread/INFO] [STDERR]: [lucraft.mods.lucraftcore.addonpacks.AddonPackHandler:processPackZip:214]: 	at com.google.common.util.concurrent.MoreExecutors$DirectExecutor.execute(MoreExecutors.java:399)
[17:08:01] [Server thread/INFO] [STDERR]: [lucraft.mods.lucraftcore.addonpacks.AddonPackHandler:processPackZip:214]: 	at com.google.common.eventbus.Subscriber.dispatchEvent(Subscriber.java:71)
[17:08:01] [Server thread/INFO] [STDERR]: [lucraft.mods.lucraftcore.addonpacks.AddonPackHandler:processPackZip:214]: 	at com.google.common.eventbus.Dispatcher$PerThreadQueuedDispatcher.dispatch(Dispatcher.java:116)
[17:08:01] [Server thread/INFO] [STDERR]: [lucraft.mods.lucraftcore.addonpacks.AddonPackHandler:processPackZip:214]: 	at com.google.common.eventbus.EventBus.post(EventBus.java:217)
[17:08:01] [Server thread/INFO] [STDERR]: [lucraft.mods.lucraftcore.addonpacks.AddonPackHandler:processPackZip:214]: 	at net.minecraftforge.fml.common.LoadController.distributeStateMessage(LoadController.java:136)
[17:08:01] [Server thread/INFO] [STDERR]: [lucraft.mods.lucraftcore.addonpacks.AddonPackHandler:processPackZip:214]: 	at net.minecraftforge.fml.common.Loader.preinitializeMods(Loader.java:629)
[17:08:01] [Server thread/INFO] [STDERR]: [lucraft.mods.lucraftcore.addonpacks.AddonPackHandler:processPackZip:214]: 	at net.minecraftforge.fml.server.FMLServerHandler.beginServerLoading(FMLServerHandler.java:99)
[17:08:01] [Server thread/INFO] [STDERR]: [lucraft.mods.lucraftcore.addonpacks.AddonPackHandler:processPackZip:214]: 	at net.minecraftforge.fml.common.FMLCommonHandler.onServerStart(FMLCommonHandler.java:333)
[17:08:01] [Server thread/INFO] [STDERR]: [lucraft.mods.lucraftcore.addonpacks.AddonPackHandler:processPackZip:214]: 	at net.minecraft.server.dedicated.DedicatedServer.func_71197_b(DedicatedServer.java:125)
[17:08:01] [Server thread/INFO] [STDERR]: [lucraft.mods.lucraftcore.addonpacks.AddonPackHandler:processPackZip:214]: 	at net.minecraft.server.MinecraftServer.run(MinecraftServer.java:486)
[17:08:01] [Server thread/INFO] [STDERR]: [lucraft.mods.lucraftcore.addonpacks.AddonPackHandler:processPackZip:214]: 	at java.lang.Thread.run(Thread.java:750)
[17:08:01] [Server thread/INFO] [lucraftcore]: The addon-pack 'PymTech-1.12.2-1.0.2.jar' has finished loading.
[17:08:01] [Server thread/INFO] [lucraftcore]: Module 'Materials' started pre-initialization
[17:08:01] [Server thread/INFO] [lucraftcore]: Module 'Superpowers' started pre-initialization
[17:08:01] [Server thread/WARN] [FML]: Potentially Dangerous alternative prefix `pymtech` for name `ant_man`, expected `lucraftcore`. This could be a intended override, but in most cases indicates a broken mod.
[17:08:01] [Server thread/WARN] [FML]: Potentially Dangerous alternative prefix `pymtech` for name `ant_man_2`, expected `lucraftcore`. This could be a intended override, but in most cases indicates a broken mod.
[17:08:01] [Server thread/WARN] [FML]: Potentially Dangerous alternative prefix `pymtech` for name `ant_man_3`, expected `lucraftcore`. This could be a intended override, but in most cases indicates a broken mod.
[17:08:01] [Server thread/WARN] [FML]: Potentially Dangerous alternative prefix `pymtech` for name `wasp`, expected `lucraftcore`. This could be a intended override, but in most cases indicates a broken mod.
[17:08:01] [Server thread/INFO] [lucraftcore]: Module 'ExtendedInventory' started pre-initialization
[17:08:01] [Server thread/INFO] [lucraftcore]: Module 'Karma' started pre-initialization
[17:08:01] [Server thread/INFO] [lucraftcore]: Module 'Infinity' started pre-initialization
[17:08:01] [Server thread/INFO] [lucraftcore]: Module 'SizeChanging' started pre-initialization
[17:08:01] [Server thread/INFO] [STDOUT]: [it.ostpol.magicmirror.magicmirror:preInit:30]: Magic mirror!
[17:08:03] [Server thread/INFO] [STDOUT]: [com.sosnitzka.taiga.Items:register:187]: TAIGA: Skipped registration of nuggetIron which already exists.
[17:08:03] [Server thread/INFO] [travelersbackpack]: Registered the class com.tiviacz.travelersbackpack.fluids.effects.EffectWater as a FluidEffect for water with the ID 0
[17:08:03] [Server thread/INFO] [travelersbackpack]: Registered the class com.tiviacz.travelersbackpack.fluids.effects.EffectLava as a FluidEffect for lava with the ID 1
[17:08:03] [Server thread/INFO] [travelersbackpack]: Registered the class com.tiviacz.travelersbackpack.fluids.effects.EffectMilk as a FluidEffect for milk with the ID 2
[17:08:03] [Server thread/INFO] [travelersbackpack]: Registered the class com.tiviacz.travelersbackpack.fluids.effects.EffectPotion as a FluidEffect for potion with the ID 3
[17:08:03] [Server thread/INFO] [travelersbackpack]: Starting the Integration Handler.
[17:08:03] [Server thread/INFO] [travelersbackpack]: Didn't find any possible mod integration(s)!
[17:08:03] [Server thread/WARN] [FML]: Potentially Dangerous alternative prefix `minecraft` for name `bookcase`, expected `bibliocraft`. This could be a intended override, but in most cases indicates a broken mod.
[17:08:03] [Server thread/WARN] [FML]: Potentially Dangerous alternative prefix `minecraft` for name `shelf`, expected `bibliocraft`. This could be a intended override, but in most cases indicates a broken mod.
[17:08:03] [Server thread/WARN] [FML]: Potentially Dangerous alternative prefix `minecraft` for name `markerpole`, expected `bibliocraft`. This could be a intended override, but in most cases indicates a broken mod.
[17:08:03] [Server thread/WARN] [FML]: Potentially Dangerous alternative prefix `minecraft` for name `clipboard`, expected `bibliocraft`. This could be a intended override, but in most cases indicates a broken mod.
[17:08:03] [Server thread/WARN] [FML]: Potentially Dangerous alternative prefix `minecraft` for name `bibliolight`, expected `bibliocraft`. This could be a intended override, but in most cases indicates a broken mod.
[17:08:03] [Server thread/WARN] [FML]: Potentially Dangerous alternative prefix `minecraft` for name `furniturepaneler`, expected `bibliocraft`. This could be a intended override, but in most cases indicates a broken mod.
[17:08:03] [Server thread/WARN] [FML]: Potentially Dangerous alternative prefix `minecraft` for name `potionshelf`, expected `bibliocraft`. This could be a intended override, but in most cases indicates a broken mod.
[17:08:03] [Server thread/WARN] [FML]: Potentially Dangerous alternative prefix `minecraft` for name `toolrack`, expected `bibliocraft`. This could be a intended override, but in most cases indicates a broken mod.
[17:08:03] [Server thread/WARN] [FML]: Potentially Dangerous alternative prefix `minecraft` for name `label`, expected `bibliocraft`. This could be a intended override, but in most cases indicates a broken mod.
[17:08:03] [Server thread/WARN] [FML]: Potentially Dangerous alternative prefix `minecraft` for name `desk`, expected `bibliocraft`. This could be a intended override, but in most cases indicates a broken mod.
[17:08:03] [Server thread/WARN] [FML]: Potentially Dangerous alternative prefix `minecraft` for name `table`, expected `bibliocraft`. This could be a intended override, but in most cases indicates a broken mod.
[17:08:03] [Server thread/WARN] [FML]: Potentially Dangerous alternative prefix `minecraft` for name `seat`, expected `bibliocraft`. This could be a intended override, but in most cases indicates a broken mod.
[17:08:03] [Server thread/WARN] [FML]: Potentially Dangerous alternative prefix `minecraft` for name `fancysign`, expected `bibliocraft`. This could be a intended override, but in most cases indicates a broken mod.
[17:08:03] [Server thread/WARN] [FML]: Potentially Dangerous alternative prefix `minecraft` for name `fancyworkbench`, expected `bibliocraft`. This could be a intended override, but in most cases indicates a broken mod.
[17:08:03] [Server thread/WARN] [FML]: Potentially Dangerous alternative prefix `minecraft` for name `framedchest`, expected `bibliocraft`. This could be a intended override, but in most cases indicates a broken mod.
[17:08:03] [Server thread/WARN] [FML]: Potentially Dangerous alternative prefix `minecraft` for name `mapframe`, expected `bibliocraft`. This could be a intended override, but in most cases indicates a broken mod.
[17:08:03] [Server thread/WARN] [FML]: Potentially Dangerous alternative prefix `minecraft` for name `case`, expected `bibliocraft`. This could be a intended override, but in most cases indicates a broken mod.
[17:08:03] [Server thread/WARN] [FML]: Potentially Dangerous alternative prefix `minecraft` for name `clock`, expected `bibliocraft`. This could be a intended override, but in most cases indicates a broken mod.
[17:08:03] [Server thread/WARN] [FML]: Potentially Dangerous alternative prefix `minecraft` for name `paintingframeborderless`, expected `bibliocraft`. This could be a intended override, but in most cases indicates a broken mod.
[17:08:03] [Server thread/WARN] [FML]: Potentially Dangerous alternative prefix `minecraft` for name `paintingframefancy`, expected `bibliocraft`. This could be a intended override, but in most cases indicates a broken mod.
[17:08:03] [Server thread/WARN] [FML]: Potentially Dangerous alternative prefix `minecraft` for name `paintingframeflat`, expected `bibliocraft`. This could be a intended override, but in most cases indicates a broken mod.
[17:08:03] [Server thread/WARN] [FML]: Potentially Dangerous alternative prefix `minecraft` for name `paintingframemiddle`, expected `bibliocraft`. This could be a intended override, but in most cases indicates a broken mod.
[17:08:03] [Server thread/WARN] [FML]: Potentially Dangerous alternative prefix `minecraft` for name `paintingframesimple`, expected `bibliocraft`. This could be a intended override, but in most cases indicates a broken mod.
[17:08:03] [Server thread/WARN] [FML]: Potentially Dangerous alternative prefix `minecraft` for name `paintingpress`, expected `bibliocraft`. This could be a intended override, but in most cases indicates a broken mod.
[17:08:03] [Server thread/WARN] [FML]: Potentially Dangerous alternative prefix `minecraft` for name `armorstand`, expected `bibliocraft`. This could be a intended override, but in most cases indicates a broken mod.
[17:08:03] [Server thread/WARN] [FML]: Potentially Dangerous alternative prefix `minecraft` for name `typesettingtable`, expected `bibliocraft`. This could be a intended override, but in most cases indicates a broken mod.
[17:08:03] [Server thread/WARN] [FML]: Potentially Dangerous alternative prefix `minecraft` for name `printingpress`, expected `bibliocraft`. This could be a intended override, but in most cases indicates a broken mod.
[17:08:03] [Server thread/WARN] [FML]: Potentially Dangerous alternative prefix `minecraft` for name `cookiejar`, expected `bibliocraft`. This could be a intended override, but in most cases indicates a broken mod.
[17:08:03] [Server thread/WARN] [FML]: Potentially Dangerous alternative prefix `minecraft` for name `dinnerplate`, expected `bibliocraft`. This could be a intended override, but in most cases indicates a broken mod.
[17:08:03] [Server thread/WARN] [FML]: Potentially Dangerous alternative prefix `minecraft` for name `discrack`, expected `bibliocraft`. This could be a intended override, but in most cases indicates a broken mod.
[17:08:03] [Server thread/WARN] [FML]: Potentially Dangerous alternative prefix `minecraft` for name `swordpedestal`, expected `bibliocraft`. This could be a intended override, but in most cases indicates a broken mod.
[17:08:03] [Server thread/WARN] [FML]: Potentially Dangerous alternative prefix `minecraft` for name `bell`, expected `bibliocraft`. This could be a intended override, but in most cases indicates a broken mod.
[17:08:03] [Server thread/WARN] [FML]: Potentially Dangerous alternative prefix `minecraft` for name `typewriter`, expected `bibliocraft`. This could be a intended override, but in most cases indicates a broken mod.
[17:08:03] [Server thread/WARN] [FML]: Potentially Dangerous alternative prefix `minecraft` for name `fire`, expected `cqrepoured`. This could be a intended override, but in most cases indicates a broken mod.
[17:08:03] [Server thread/INFO] [grimoireofgaia]: Registering blocks...
[17:08:03] [Server thread/INFO] [grimoireofgaia]: Block registration complete.
[17:08:04] [Server thread/WARN] [FML]: Potentially Dangerous alternative prefix `minecraft` for name `tconstruct.table`, expected `tconstruct`. This could be a intended override, but in most cases indicates a broken mod.
[17:08:04] [Server thread/WARN] [FML]: Potentially Dangerous alternative prefix `minecraft` for name `tconstruct.craftingstation`, expected `tconstruct`. This could be a intended override, but in most cases indicates a broken mod.
[17:08:04] [Server thread/WARN] [FML]: Potentially Dangerous alternative prefix `minecraft` for name `tconstruct.stenciltable`, expected `tconstruct`. This could be a intended override, but in most cases indicates a broken mod.
[17:08:04] [Server thread/WARN] [FML]: Potentially Dangerous alternative prefix `minecraft` for name `tconstruct.partbuilder`, expected `tconstruct`. This could be a intended override, but in most cases indicates a broken mod.
[17:08:04] [Server thread/WARN] [FML]: Potentially Dangerous alternative prefix `minecraft` for name `tconstruct.patternchest`, expected `tconstruct`. This could be a intended override, but in most cases indicates a broken mod.
[17:08:04] [Server thread/WARN] [FML]: Potentially Dangerous alternative prefix `minecraft` for name `tconstruct.partchest`, expected `tconstruct`. This could be a intended override, but in most cases indicates a broken mod.
[17:08:04] [Server thread/WARN] [FML]: Potentially Dangerous alternative prefix `minecraft` for name `tconstruct.toolstation`, expected `tconstruct`. This could be a intended override, but in most cases indicates a broken mod.
[17:08:04] [Server thread/WARN] [FML]: Potentially Dangerous alternative prefix `minecraft` for name `tconstruct.toolforge`, expected `tconstruct`. This could be a intended override, but in most cases indicates a broken mod.
[17:08:04] [Server thread/WARN] [FML]: Potentially Dangerous alternative prefix `minecraft` for name `tconstruct.smeltery_controller`, expected `tconstruct`. This could be a intended override, but in most cases indicates a broken mod.
[17:08:04] [Server thread/WARN] [FML]: Potentially Dangerous alternative prefix `minecraft` for name `tconstruct.smeltery_component`, expected `tconstruct`. This could be a intended override, but in most cases indicates a broken mod.
[17:08:04] [Server thread/WARN] [FML]: Potentially Dangerous alternative prefix `minecraft` for name `tconstruct.tank`, expected `tconstruct`. This could be a intended override, but in most cases indicates a broken mod.
[17:08:04] [Server thread/WARN] [FML]: Potentially Dangerous alternative prefix `minecraft` for name `tconstruct.faucet`, expected `tconstruct`. This could be a intended override, but in most cases indicates a broken mod.
[17:08:04] [Server thread/WARN] [FML]: Potentially Dangerous alternative prefix `minecraft` for name `tconstruct.channel`, expected `tconstruct`. This could be a intended override, but in most cases indicates a broken mod.
[17:08:04] [Server thread/WARN] [FML]: Potentially Dangerous alternative prefix `minecraft` for name `tconstruct.casting_table`, expected `tconstruct`. This could be a intended override, but in most cases indicates a broken mod.
[17:08:04] [Server thread/WARN] [FML]: Potentially Dangerous alternative prefix `minecraft` for name `tconstruct.casting_basin`, expected `tconstruct`. This could be a intended override, but in most cases indicates a broken mod.
[17:08:04] [Server thread/WARN] [FML]: Potentially Dangerous alternative prefix `minecraft` for name `tconstruct.smeltery_drain`, expected `tconstruct`. This could be a intended override, but in most cases indicates a broken mod.
[17:08:04] [Server thread/WARN] [FML]: Potentially Dangerous alternative prefix `minecraft` for name `tconstruct.seared_furnace`, expected `tconstruct`. This could be a intended override, but in most cases indicates a broken mod.
[17:08:04] [Server thread/WARN] [FML]: Potentially Dangerous alternative prefix `minecraft` for name `tconstruct.tinker_tank`, expected `tconstruct`. This could be a intended override, but in most cases indicates a broken mod.
[17:08:04] [Server thread/WARN] [FML]: Potentially Dangerous alternative prefix `minecraft` for name `tconstruct.item_rack`, expected `tconstruct`. This could be a intended override, but in most cases indicates a broken mod.
[17:08:04] [Server thread/WARN] [FML]: Potentially Dangerous alternative prefix `minecraft` for name `tconstruct.drying_rack`, expected `tconstruct`. This could be a intended override, but in most cases indicates a broken mod.
[17:08:04] [Server thread/WARN] [FML]: Potentially Dangerous alternative prefix `minecraft` for name `tconstruct.wooden_hopper`, expected `tconstruct`. This could be a intended override, but in most cases indicates a broken mod.
[17:08:04] [Server thread/WARN] [FML]: Potentially Dangerous alternative prefix `minecraft` for name `tconstruct.slime_channel`, expected `tconstruct`. This could be a intended override, but in most cases indicates a broken mod.
[17:08:04] [Server thread/WARN] [FML]: Potentially Dangerous alternative prefix `minecraft` for name `infinity_generator`, expected `lucraftcore`. This could be a intended override, but in most cases indicates a broken mod.
[17:08:04] [Server thread/INFO] [FML]: Applying holder lookups
[17:08:04] [Server thread/INFO] [FML]: Holder lookups applied
[17:08:05] [Server thread/INFO] [grimoireofgaia]: Registering item blocks...
[17:08:05] [Server thread/INFO] [grimoireofgaia]: Item block registration complete.
[17:08:05] [Server thread/INFO] [grimoireofgaia]: Registering items...
[17:08:05] [Server thread/INFO] [grimoireofgaia]: Item registration complete.
[17:08:05] [Server thread/INFO] [FML]: Applying holder lookups
[17:08:05] [Server thread/INFO] [FML]: Holder lookups applied
[17:08:05] [Server thread/INFO] [grimoireofgaia]: Registering entities...
[17:08:05] [Server thread/INFO] [grimoireofgaia]: Entity registration complete.
[17:08:06] [Server thread/INFO] [grimoireofgaia]: Registering Sounds
[17:08:06] [Server thread/INFO] [grimoireofgaia]: Sounds Finished
[17:08:06] [Server thread/INFO] [FML]: Applying holder lookups
[17:08:06] [Server thread/INFO] [FML]: Holder lookups applied
[17:08:06] [Server thread/INFO] [FML]: Applying holder lookups
[17:08:06] [Server thread/INFO] [FML]: Holder lookups applied
[17:08:06] [Server thread/INFO] [FML]: Injecting itemstacks
[17:08:06] [Server thread/INFO] [FML]: Itemstack injection complete
[17:08:06] [Server thread/INFO] [net.minecraft.server.dedicated.DedicatedServer]: Loading properties
[17:08:06] [Server thread/INFO] [net.minecraft.server.dedicated.DedicatedServer]: Default game type: SURVIVAL
[17:08:06] [Server thread/INFO] [net.minecraft.server.dedicated.DedicatedServer]: Generating keypair
[17:08:06] [Server thread/INFO] [net.minecraft.server.dedicated.DedicatedServer]: Starting Minecraft server on *:25565
[17:08:06] [Server thread/INFO] [net.minecraft.network.NetworkSystem]: Using epoll channel type
[17:08:06] [Server thread/WARN] [net.minecraft.server.dedicated.DedicatedServer]: **** SERVER IS RUNNING IN OFFLINE/INSECURE MODE!
[17:08:06] [Server thread/WARN] [net.minecraft.server.dedicated.DedicatedServer]: The server will make no attempt to authenticate usernames. Beware.
[17:08:06] [Server thread/WARN] [net.minecraft.server.dedicated.DedicatedServer]: While this makes the game possible to play without internet access, it also opens up the ability for hackers to connect with any username they choose.
[17:08:06] [Server thread/WARN] [net.minecraft.server.dedicated.DedicatedServer]: To change this, set "online-mode" to "true" in the server.properties file.
[17:08:06] [Server thread/INFO] [ASMUtil]: Transforming class net/minecraft/server/management/PlayerInteractionManager
[17:08:06] [Server thread/INFO] [ASMUtil]: Transforming method net/minecraft/server/management/PlayerInteractionManager.func_73076_a(Lnet/minecraft/world/GameType;)V
[17:08:06] [Server thread/ERROR] [FML]: Parsing error loading recipe bibliocraft:markerpole
com.google.gson.JsonSyntaxException: Invalid pattern: empty pattern not allowed
	at net.minecraftforge.common.crafting.CraftingHelper.lambda$init$14(CraftingHelper.java:488) ~[CraftingHelper.class:?]
	at net.minecraftforge.common.crafting.CraftingHelper.getRecipe(CraftingHelper.java:416) ~[CraftingHelper.class:?]
	at net.minecraftforge.common.crafting.CraftingHelper.lambda$loadRecipes$22(CraftingHelper.java:723) ~[CraftingHelper.class:?]
	at net.minecraftforge.common.crafting.CraftingHelper.findFiles(CraftingHelper.java:833) ~[CraftingHelper.class:?]
	at net.minecraftforge.common.crafting.CraftingHelper.loadRecipes(CraftingHelper.java:688) ~[CraftingHelper.class:?]
	at java.util.ArrayList.forEach(ArrayList.java:1259) [?:1.8.0_462]
	at net.minecraftforge.common.crafting.CraftingHelper.loadRecipes(CraftingHelper.java:633) [CraftingHelper.class:?]
	at net.minecraftforge.fml.common.Loader.initializeMods(Loader.java:747) [Loader.class:?]
	at net.minecraftforge.fml.server.FMLServerHandler.finishServerLoading(FMLServerHandler.java:108) [FMLServerHandler.class:?]
	at net.minecraftforge.fml.common.FMLCommonHandler.onServerStarted(FMLCommonHandler.java:338) [FMLCommonHandler.class:?]
	at net.minecraft.server.dedicated.DedicatedServer.func_71197_b(DedicatedServer.java:219) [nz.class:?]
	at net.minecraft.server.MinecraftServer.run(MinecraftServer.java:486) [MinecraftServer.class:?]
	at java.lang.Thread.run(Thread.java:750) [?:1.8.0_462]
[17:08:06] [Server thread/ERROR] [FML]: Parsing error loading recipe bibliocraft:clipboard
com.google.gson.JsonSyntaxException: Invalid pattern: empty pattern not allowed
	at net.minecraftforge.common.crafting.CraftingHelper.lambda$init$14(CraftingHelper.java:488) ~[CraftingHelper.class:?]
	at net.minecraftforge.common.crafting.CraftingHelper.getRecipe(CraftingHelper.java:416) ~[CraftingHelper.class:?]
	at net.minecraftforge.common.crafting.CraftingHelper.lambda$loadRecipes$22(CraftingHelper.java:723) ~[CraftingHelper.class:?]
	at net.minecraftforge.common.crafting.CraftingHelper.findFiles(CraftingHelper.java:833) ~[CraftingHelper.class:?]
	at net.minecraftforge.common.crafting.CraftingHelper.loadRecipes(CraftingHelper.java:688) ~[CraftingHelper.class:?]
	at java.util.ArrayList.forEach(ArrayList.java:1259) [?:1.8.0_462]
	at net.minecraftforge.common.crafting.CraftingHelper.loadRecipes(CraftingHelper.java:633) [CraftingHelper.class:?]
	at net.minecraftforge.fml.common.Loader.initializeMods(Loader.java:747) [Loader.class:?]
	at net.minecraftforge.fml.server.FMLServerHandler.finishServerLoading(FMLServerHandler.java:108) [FMLServerHandler.class:?]
	at net.minecraftforge.fml.common.FMLCommonHandler.onServerStarted(FMLCommonHandler.java:338) [FMLCommonHandler.class:?]
	at net.minecraft.server.dedicated.DedicatedServer.func_71197_b(DedicatedServer.java:219) [nz.class:?]
	at net.minecraft.server.MinecraftServer.run(MinecraftServer.java:486) [MinecraftServer.class:?]
	at java.lang.Thread.run(Thread.java:750) [?:1.8.0_462]
[17:08:06] [Server thread/ERROR] [FML]: Parsing error loading recipe lmmlcm:missile
com.google.gson.JsonSyntaxException: Missing ingredients, expected to find a JsonArray
	at net.minecraft.util.JsonUtils.func_151214_t(SourceFile:425) ~[rc.class:?]
	at net.minecraftforge.common.crafting.CraftingHelper.lambda$init$15(CraftingHelper.java:530) ~[CraftingHelper.class:?]
	at net.minecraftforge.common.crafting.CraftingHelper.getRecipe(CraftingHelper.java:416) ~[CraftingHelper.class:?]
	at net.minecraftforge.common.crafting.CraftingHelper.lambda$loadRecipes$22(CraftingHelper.java:723) ~[CraftingHelper.class:?]
	at net.minecraftforge.common.crafting.CraftingHelper.findFiles(CraftingHelper.java:833) ~[CraftingHelper.class:?]
	at net.minecraftforge.common.crafting.CraftingHelper.loadRecipes(CraftingHelper.java:688) ~[CraftingHelper.class:?]
	at java.util.ArrayList.forEach(ArrayList.java:1259) [?:1.8.0_462]
	at net.minecraftforge.common.crafting.CraftingHelper.loadRecipes(CraftingHelper.java:633) [CraftingHelper.class:?]
	at net.minecraftforge.fml.common.Loader.initializeMods(Loader.java:747) [Loader.class:?]
	at net.minecraftforge.fml.server.FMLServerHandler.finishServerLoading(FMLServerHandler.java:108) [FMLServerHandler.class:?]
	at net.minecraftforge.fml.common.FMLCommonHandler.onServerStarted(FMLCommonHandler.java:338) [FMLCommonHandler.class:?]
	at net.minecraft.server.dedicated.DedicatedServer.func_71197_b(DedicatedServer.java:219) [nz.class:?]
	at net.minecraft.server.MinecraftServer.run(MinecraftServer.java:486) [MinecraftServer.class:?]
	at java.lang.Thread.run(Thread.java:750) [?:1.8.0_462]
[17:08:06] [Server thread/ERROR] [FML]: Parsing error loading recipe lmmlcm:mg_ammobox
com.google.gson.JsonSyntaxException: Missing ingredients, expected to find a JsonArray
	at net.minecraft.util.JsonUtils.func_151214_t(SourceFile:425) ~[rc.class:?]
	at net.minecraftforge.common.crafting.CraftingHelper.lambda$init$15(CraftingHelper.java:530) ~[CraftingHelper.class:?]
	at net.minecraftforge.common.crafting.CraftingHelper.getRecipe(CraftingHelper.java:416) ~[CraftingHelper.class:?]
	at net.minecraftforge.common.crafting.CraftingHelper.lambda$loadRecipes$22(CraftingHelper.java:723) ~[CraftingHelper.class:?]
	at net.minecraftforge.common.crafting.CraftingHelper.findFiles(CraftingHelper.java:833) ~[CraftingHelper.class:?]
	at net.minecraftforge.common.crafting.CraftingHelper.loadRecipes(CraftingHelper.java:688) ~[CraftingHelper.class:?]
	at java.util.ArrayList.forEach(ArrayList.java:1259) [?:1.8.0_462]
	at net.minecraftforge.common.crafting.CraftingHelper.loadRecipes(CraftingHelper.java:633) [CraftingHelper.class:?]
	at net.minecraftforge.fml.common.Loader.initializeMods(Loader.java:747) [Loader.class:?]
	at net.minecraftforge.fml.server.FMLServerHandler.finishServerLoading(FMLServerHandler.java:108) [FMLServerHandler.class:?]
	at net.minecraftforge.fml.common.FMLCommonHandler.onServerStarted(FMLCommonHandler.java:338) [FMLCommonHandler.class:?]
	at net.minecraft.server.dedicated.DedicatedServer.func_71197_b(DedicatedServer.java:219) [nz.class:?]
	at net.minecraft.server.MinecraftServer.run(MinecraftServer.java:486) [MinecraftServer.class:?]
	at java.lang.Thread.run(Thread.java:750) [?:1.8.0_462]
[17:08:06] [Server thread/ERROR] [FML]: Parsing error loading recipe lmmlcm:maone_m16
com.google.gson.JsonSyntaxException: Unknown item 'lmmclm:scout'
	at net.minecraftforge.common.crafting.CraftingHelper.getItemStackBasic(CraftingHelper.java:262) ~[CraftingHelper.class:?]
	at net.minecraftforge.common.crafting.CraftingHelper.lambda$init$16(CraftingHelper.java:544) ~[CraftingHelper.class:?]
	at net.minecraftforge.common.crafting.CraftingHelper.getIngredient(CraftingHelper.java:204) ~[CraftingHelper.class:?]
	at net.minecraftforge.common.crafting.CraftingHelper.lambda$init$14(CraftingHelper.java:481) ~[CraftingHelper.class:?]
	at net.minecraftforge.common.crafting.CraftingHelper.getRecipe(CraftingHelper.java:416) ~[CraftingHelper.class:?]
	at net.minecraftforge.common.crafting.CraftingHelper.lambda$loadRecipes$22(CraftingHelper.java:723) ~[CraftingHelper.class:?]
	at net.minecraftforge.common.crafting.CraftingHelper.findFiles(CraftingHelper.java:833) ~[CraftingHelper.class:?]
	at net.minecraftforge.common.crafting.CraftingHelper.loadRecipes(CraftingHelper.java:688) ~[CraftingHelper.class:?]
	at java.util.ArrayList.forEach(ArrayList.java:1259) [?:1.8.0_462]
	at net.minecraftforge.common.crafting.CraftingHelper.loadRecipes(CraftingHelper.java:633) [CraftingHelper.class:?]
	at net.minecraftforge.fml.common.Loader.initializeMods(Loader.java:747) [Loader.class:?]
	at net.minecraftforge.fml.server.FMLServerHandler.finishServerLoading(FMLServerHandler.java:108) [FMLServerHandler.class:?]
	at net.minecraftforge.fml.common.FMLCommonHandler.onServerStarted(FMLCommonHandler.java:338) [FMLCommonHandler.class:?]
	at net.minecraft.server.dedicated.DedicatedServer.func_71197_b(DedicatedServer.java:219) [nz.class:?]
	at net.minecraft.server.MinecraftServer.run(MinecraftServer.java:486) [MinecraftServer.class:?]
	at java.lang.Thread.run(Thread.java:750) [?:1.8.0_462]
[17:08:06] [Server thread/ERROR] [FML]: Parsing error loading recipe lmmlcm:maids_knife
com.google.gson.JsonSyntaxException: Unknown item 'lmreengaged:maid_carry'
	at net.minecraftforge.common.crafting.CraftingHelper.getItemStackBasic(CraftingHelper.java:262) ~[CraftingHelper.class:?]
	at net.minecraftforge.common.crafting.CraftingHelper.lambda$init$16(CraftingHelper.java:544) ~[CraftingHelper.class:?]
	at net.minecraftforge.common.crafting.CraftingHelper.getIngredient(CraftingHelper.java:204) ~[CraftingHelper.class:?]
	at net.minecraftforge.common.crafting.CraftingHelper.lambda$init$15(CraftingHelper.java:531) ~[CraftingHelper.class:?]
	at net.minecraftforge.common.crafting.CraftingHelper.getRecipe(CraftingHelper.java:416) ~[CraftingHelper.class:?]
	at net.minecraftforge.common.crafting.CraftingHelper.lambda$loadRecipes$22(CraftingHelper.java:723) ~[CraftingHelper.class:?]
	at net.minecraftforge.common.crafting.CraftingHelper.findFiles(CraftingHelper.java:833) ~[CraftingHelper.class:?]
	at net.minecraftforge.common.crafting.CraftingHelper.loadRecipes(CraftingHelper.java:688) ~[CraftingHelper.class:?]
	at java.util.ArrayList.forEach(ArrayList.java:1259) [?:1.8.0_462]
	at net.minecraftforge.common.crafting.CraftingHelper.loadRecipes(CraftingHelper.java:633) [CraftingHelper.class:?]
	at net.minecraftforge.fml.common.Loader.initializeMods(Loader.java:747) [Loader.class:?]
	at net.minecraftforge.fml.server.FMLServerHandler.finishServerLoading(FMLServerHandler.java:108) [FMLServerHandler.class:?]
	at net.minecraftforge.fml.common.FMLCommonHandler.onServerStarted(FMLCommonHandler.java:338) [FMLCommonHandler.class:?]
	at net.minecraft.server.dedicated.DedicatedServer.func_71197_b(DedicatedServer.java:219) [nz.class:?]
	at net.minecraft.server.MinecraftServer.run(MinecraftServer.java:486) [MinecraftServer.class:?]
	at java.lang.Thread.run(Thread.java:750) [?:1.8.0_462]
[17:08:06] [Server thread/ERROR] [FML]: Parsing error loading recipe lmmlcm:maidsafety_a
com.google.gson.JsonSyntaxException: Unknown item 'lmreengaged:maid_sugar'
	at net.minecraftforge.common.crafting.CraftingHelper.getItemStackBasic(CraftingHelper.java:262) ~[CraftingHelper.class:?]
	at net.minecraftforge.common.crafting.CraftingHelper.lambda$init$16(CraftingHelper.java:544) ~[CraftingHelper.class:?]
	at net.minecraftforge.common.crafting.CraftingHelper.getIngredient(CraftingHelper.java:204) ~[CraftingHelper.class:?]
	at net.minecraftforge.common.crafting.CraftingHelper.lambda$init$14(CraftingHelper.java:481) ~[CraftingHelper.class:?]
	at net.minecraftforge.common.crafting.CraftingHelper.getRecipe(CraftingHelper.java:416) ~[CraftingHelper.class:?]
	at net.minecraftforge.common.crafting.CraftingHelper.lambda$loadRecipes$22(CraftingHelper.java:723) ~[CraftingHelper.class:?]
	at net.minecraftforge.common.crafting.CraftingHelper.findFiles(CraftingHelper.java:833) ~[CraftingHelper.class:?]
	at net.minecraftforge.common.crafting.CraftingHelper.loadRecipes(CraftingHelper.java:688) ~[CraftingHelper.class:?]
	at java.util.ArrayList.forEach(ArrayList.java:1259) [?:1.8.0_462]
	at net.minecraftforge.common.crafting.CraftingHelper.loadRecipes(CraftingHelper.java:633) [CraftingHelper.class:?]
	at net.minecraftforge.fml.common.Loader.initializeMods(Loader.java:747) [Loader.class:?]
	at net.minecraftforge.fml.server.FMLServerHandler.finishServerLoading(FMLServerHandler.java:108) [FMLServerHandler.class:?]
	at net.minecraftforge.fml.common.FMLCommonHandler.onServerStarted(FMLCommonHandler.java:338) [FMLCommonHandler.class:?]
	at net.minecraft.server.dedicated.DedicatedServer.func_71197_b(DedicatedServer.java:219) [nz.class:?]
	at net.minecraft.server.MinecraftServer.run(MinecraftServer.java:486) [MinecraftServer.class:?]
	at java.lang.Thread.run(Thread.java:750) [?:1.8.0_462]
[17:08:06] [Server thread/ERROR] [FML]: Parsing error loading recipe lmmlcm:maidsafety
com.google.gson.JsonSyntaxException: Unknown item 'lmreengaged:maid_sugar'
	at net.minecraftforge.common.crafting.CraftingHelper.getItemStackBasic(CraftingHelper.java:262) ~[CraftingHelper.class:?]
	at net.minecraftforge.common.crafting.CraftingHelper.lambda$init$16(CraftingHelper.java:544) ~[CraftingHelper.class:?]
	at net.minecraftforge.common.crafting.CraftingHelper.getIngredient(CraftingHelper.java:204) ~[CraftingHelper.class:?]
	at net.minecraftforge.common.crafting.CraftingHelper.lambda$init$14(CraftingHelper.java:481) ~[CraftingHelper.class:?]
	at net.minecraftforge.common.crafting.CraftingHelper.getRecipe(CraftingHelper.java:416) ~[CraftingHelper.class:?]
	at net.minecraftforge.common.crafting.CraftingHelper.lambda$loadRecipes$22(CraftingHelper.java:723) ~[CraftingHelper.class:?]
	at net.minecraftforge.common.crafting.CraftingHelper.findFiles(CraftingHelper.java:833) ~[CraftingHelper.class:?]
	at net.minecraftforge.common.crafting.CraftingHelper.loadRecipes(CraftingHelper.java:688) ~[CraftingHelper.class:?]
	at java.util.ArrayList.forEach(ArrayList.java:1259) [?:1.8.0_462]
	at net.minecraftforge.common.crafting.CraftingHelper.loadRecipes(CraftingHelper.java:633) [CraftingHelper.class:?]
	at net.minecraftforge.fml.common.Loader.initializeMods(Loader.java:747) [Loader.class:?]
	at net.minecraftforge.fml.server.FMLServerHandler.finishServerLoading(FMLServerHandler.java:108) [FMLServerHandler.class:?]
	at net.minecraftforge.fml.common.FMLCommonHandler.onServerStarted(FMLCommonHandler.java:338) [FMLCommonHandler.class:?]
	at net.minecraft.server.dedicated.DedicatedServer.func_71197_b(DedicatedServer.java:219) [nz.class:?]
	at net.minecraft.server.MinecraftServer.run(MinecraftServer.java:486) [MinecraftServer.class:?]
	at java.lang.Thread.run(Thread.java:750) [?:1.8.0_462]
[17:08:06] [Server thread/ERROR] [FML]: Parsing error loading recipe lmmlcm:hsmg_mag
com.google.gson.JsonSyntaxException: Missing ingredients, expected to find a JsonArray
	at net.minecraft.util.JsonUtils.func_151214_t(SourceFile:425) ~[rc.class:?]
	at net.minecraftforge.common.crafting.CraftingHelper.lambda$init$15(CraftingHelper.java:530) ~[CraftingHelper.class:?]
	at net.minecraftforge.common.crafting.CraftingHelper.getRecipe(CraftingHelper.java:416) ~[CraftingHelper.class:?]
	at net.minecraftforge.common.crafting.CraftingHelper.lambda$loadRecipes$22(CraftingHelper.java:723) ~[CraftingHelper.class:?]
	at net.minecraftforge.common.crafting.CraftingHelper.findFiles(CraftingHelper.java:833) ~[CraftingHelper.class:?]
	at net.minecraftforge.common.crafting.CraftingHelper.loadRecipes(CraftingHelper.java:688) ~[CraftingHelper.class:?]
	at java.util.ArrayList.forEach(ArrayList.java:1259) [?:1.8.0_462]
	at net.minecraftforge.common.crafting.CraftingHelper.loadRecipes(CraftingHelper.java:633) [CraftingHelper.class:?]
	at net.minecraftforge.fml.common.Loader.initializeMods(Loader.java:747) [Loader.class:?]
	at net.minecraftforge.fml.server.FMLServerHandler.finishServerLoading(FMLServerHandler.java:108) [FMLServerHandler.class:?]
	at net.minecraftforge.fml.common.FMLCommonHandler.onServerStarted(FMLCommonHandler.java:338) [FMLCommonHandler.class:?]
	at net.minecraft.server.dedicated.DedicatedServer.func_71197_b(DedicatedServer.java:219) [nz.class:?]
	at net.minecraft.server.MinecraftServer.run(MinecraftServer.java:486) [MinecraftServer.class:?]
	at java.lang.Thread.run(Thread.java:750) [?:1.8.0_462]
[17:08:06] [Server thread/ERROR] [FML]: Parsing error loading recipe lmmlcm:hero_totem
com.google.gson.JsonSyntaxException: Unknown item 'lmreengaged:maid_sugar'
	at net.minecraftforge.common.crafting.CraftingHelper.getItemStackBasic(CraftingHelper.java:262) ~[CraftingHelper.class:?]
	at net.minecraftforge.common.crafting.CraftingHelper.lambda$init$16(CraftingHelper.java:544) ~[CraftingHelper.class:?]
	at net.minecraftforge.common.crafting.CraftingHelper.getIngredient(CraftingHelper.java:204) ~[CraftingHelper.class:?]
	at net.minecraftforge.common.crafting.CraftingHelper.lambda$init$14(CraftingHelper.java:481) ~[CraftingHelper.class:?]
	at net.minecraftforge.common.crafting.CraftingHelper.getRecipe(CraftingHelper.java:416) ~[CraftingHelper.class:?]
	at net.minecraftforge.common.crafting.CraftingHelper.lambda$loadRecipes$22(CraftingHelper.java:723) ~[CraftingHelper.class:?]
	at net.minecraftforge.common.crafting.CraftingHelper.findFiles(CraftingHelper.java:833) ~[CraftingHelper.class:?]
	at net.minecraftforge.common.crafting.CraftingHelper.loadRecipes(CraftingHelper.java:688) ~[CraftingHelper.class:?]
	at java.util.ArrayList.forEach(ArrayList.java:1259) [?:1.8.0_462]
	at net.minecraftforge.common.crafting.CraftingHelper.loadRecipes(CraftingHelper.java:633) [CraftingHelper.class:?]
	at net.minecraftforge.fml.common.Loader.initializeMods(Loader.java:747) [Loader.class:?]
	at net.minecraftforge.fml.server.FMLServerHandler.finishServerLoading(FMLServerHandler.java:108) [FMLServerHandler.class:?]
	at net.minecraftforge.fml.common.FMLCommonHandler.onServerStarted(FMLCommonHandler.java:338) [FMLCommonHandler.class:?]
	at net.minecraft.server.dedicated.DedicatedServer.func_71197_b(DedicatedServer.java:219) [nz.class:?]
	at net.minecraft.server.MinecraftServer.run(MinecraftServer.java:486) [MinecraftServer.class:?]
	at java.lang.Thread.run(Thread.java:750) [?:1.8.0_462]
[17:08:06] [Server thread/ERROR] [FML]: Parsing error loading recipe lmmlcm:grenade_launcher
com.google.gson.JsonSyntaxException: Unknown item 'lmmlcm:grenade_launcher'
	at net.minecraftforge.common.crafting.CraftingHelper.getItemStack(CraftingHelper.java:214) ~[CraftingHelper.class:?]
	at net.minecraftforge.common.crafting.CraftingHelper.lambda$init$14(CraftingHelper.java:523) ~[CraftingHelper.class:?]
	at net.minecraftforge.common.crafting.CraftingHelper.getRecipe(CraftingHelper.java:416) ~[CraftingHelper.class:?]
	at net.minecraftforge.common.crafting.CraftingHelper.lambda$loadRecipes$22(CraftingHelper.java:723) ~[CraftingHelper.class:?]
	at net.minecraftforge.common.crafting.CraftingHelper.findFiles(CraftingHelper.java:833) ~[CraftingHelper.class:?]
	at net.minecraftforge.common.crafting.CraftingHelper.loadRecipes(CraftingHelper.java:688) ~[CraftingHelper.class:?]
	at java.util.ArrayList.forEach(ArrayList.java:1259) [?:1.8.0_462]
	at net.minecraftforge.common.crafting.CraftingHelper.loadRecipes(CraftingHelper.java:633) [CraftingHelper.class:?]
	at net.minecraftforge.fml.common.Loader.initializeMods(Loader.java:747) [Loader.class:?]
	at net.minecraftforge.fml.server.FMLServerHandler.finishServerLoading(FMLServerHandler.java:108) [FMLServerHandler.class:?]
	at net.minecraftforge.fml.common.FMLCommonHandler.onServerStarted(FMLCommonHandler.java:338) [FMLCommonHandler.class:?]
	at net.minecraft.server.dedicated.DedicatedServer.func_71197_b(DedicatedServer.java:219) [nz.class:?]
	at net.minecraft.server.MinecraftServer.run(MinecraftServer.java:486) [MinecraftServer.class:?]
	at java.lang.Thread.run(Thread.java:750) [?:1.8.0_462]
[17:08:06] [Server thread/ERROR] [FML]: Parsing error loading recipe lmmlcm:eternalbond
com.google.gson.JsonSyntaxException: Unknown item 'lmreengaged:maid_carry'
	at net.minecraftforge.common.crafting.CraftingHelper.getItemStackBasic(CraftingHelper.java:262) ~[CraftingHelper.class:?]
	at net.minecraftforge.common.crafting.CraftingHelper.lambda$init$16(CraftingHelper.java:544) ~[CraftingHelper.class:?]
	at net.minecraftforge.common.crafting.CraftingHelper.getIngredient(CraftingHelper.java:204) ~[CraftingHelper.class:?]
	at net.minecraftforge.common.crafting.CraftingHelper.lambda$init$15(CraftingHelper.java:531) ~[CraftingHelper.class:?]
	at net.minecraftforge.common.crafting.CraftingHelper.getRecipe(CraftingHelper.java:416) ~[CraftingHelper.class:?]
	at net.minecraftforge.common.crafting.CraftingHelper.lambda$loadRecipes$22(CraftingHelper.java:723) ~[CraftingHelper.class:?]
	at net.minecraftforge.common.crafting.CraftingHelper.findFiles(CraftingHelper.java:833) ~[CraftingHelper.class:?]
	at net.minecraftforge.common.crafting.CraftingHelper.loadRecipes(CraftingHelper.java:688) ~[CraftingHelper.class:?]
	at java.util.ArrayList.forEach(ArrayList.java:1259) [?:1.8.0_462]
	at net.minecraftforge.common.crafting.CraftingHelper.loadRecipes(CraftingHelper.java:633) [CraftingHelper.class:?]
	at net.minecraftforge.fml.common.Loader.initializeMods(Loader.java:747) [Loader.class:?]
	at net.minecraftforge.fml.server.FMLServerHandler.finishServerLoading(FMLServerHandler.java:108) [FMLServerHandler.class:?]
	at net.minecraftforge.fml.common.FMLCommonHandler.onServerStarted(FMLCommonHandler.java:338) [FMLCommonHandler.class:?]
	at net.minecraft.server.dedicated.DedicatedServer.func_71197_b(DedicatedServer.java:219) [nz.class:?]
	at net.minecraft.server.MinecraftServer.run(MinecraftServer.java:486) [MinecraftServer.class:?]
	at java.lang.Thread.run(Thread.java:750) [?:1.8.0_462]
[17:08:06] [Server thread/ERROR] [FML]: Parsing error loading recipe lmmlcm:bazooka
com.google.gson.JsonSyntaxException: Unknown item 'lmmlcm:rocket_launcher'
	at net.minecraftforge.common.crafting.CraftingHelper.getItemStackBasic(CraftingHelper.java:262) ~[CraftingHelper.class:?]
	at net.minecraftforge.common.crafting.CraftingHelper.lambda$init$16(CraftingHelper.java:544) ~[CraftingHelper.class:?]
	at net.minecraftforge.common.crafting.CraftingHelper.getIngredient(CraftingHelper.java:204) ~[CraftingHelper.class:?]
	at net.minecraftforge.common.crafting.CraftingHelper.lambda$init$14(CraftingHelper.java:481) ~[CraftingHelper.class:?]
	at net.minecraftforge.common.crafting.CraftingHelper.getRecipe(CraftingHelper.java:416) ~[CraftingHelper.class:?]
	at net.minecraftforge.common.crafting.CraftingHelper.lambda$loadRecipes$22(CraftingHelper.java:723) ~[CraftingHelper.class:?]
	at net.minecraftforge.common.crafting.CraftingHelper.findFiles(CraftingHelper.java:833) ~[CraftingHelper.class:?]
	at net.minecraftforge.common.crafting.CraftingHelper.loadRecipes(CraftingHelper.java:688) ~[CraftingHelper.class:?]
	at java.util.ArrayList.forEach(ArrayList.java:1259) [?:1.8.0_462]
	at net.minecraftforge.common.crafting.CraftingHelper.loadRecipes(CraftingHelper.java:633) [CraftingHelper.class:?]
	at net.minecraftforge.fml.common.Loader.initializeMods(Loader.java:747) [Loader.class:?]
	at net.minecraftforge.fml.server.FMLServerHandler.finishServerLoading(FMLServerHandler.java:108) [FMLServerHandler.class:?]
	at net.minecraftforge.fml.common.FMLCommonHandler.onServerStarted(FMLCommonHandler.java:338) [FMLCommonHandler.class:?]
	at net.minecraft.server.dedicated.DedicatedServer.func_71197_b(DedicatedServer.java:219) [nz.class:?]
	at net.minecraft.server.MinecraftServer.run(MinecraftServer.java:486) [MinecraftServer.class:?]
	at java.lang.Thread.run(Thread.java:750) [?:1.8.0_462]
[17:08:06] [Server thread/ERROR] [FML]: Parsing error loading recipe lmmlcm:ammo_belt
com.google.gson.JsonParseException: com.google.gson.stream.MalformedJsonException: Unterminated array at line 6 column 6 path $.pattern[1]
	at net.minecraft.util.JsonUtils.func_188173_a(SourceFile:494) ~[rc.class:?]
	at net.minecraft.util.JsonUtils.func_193839_a(SourceFile:532) ~[rc.class:?]
	at net.minecraftforge.common.crafting.CraftingHelper.lambda$loadRecipes$22(CraftingHelper.java:720) ~[CraftingHelper.class:?]
	at net.minecraftforge.common.crafting.CraftingHelper.findFiles(CraftingHelper.java:833) ~[CraftingHelper.class:?]
	at net.minecraftforge.common.crafting.CraftingHelper.loadRecipes(CraftingHelper.java:688) ~[CraftingHelper.class:?]
	at java.util.ArrayList.forEach(ArrayList.java:1259) [?:1.8.0_462]
	at net.minecraftforge.common.crafting.CraftingHelper.loadRecipes(CraftingHelper.java:633) [CraftingHelper.class:?]
	at net.minecraftforge.fml.common.Loader.initializeMods(Loader.java:747) [Loader.class:?]
	at net.minecraftforge.fml.server.FMLServerHandler.finishServerLoading(FMLServerHandler.java:108) [FMLServerHandler.class:?]
	at net.minecraftforge.fml.common.FMLCommonHandler.onServerStarted(FMLCommonHandler.java:338) [FMLCommonHandler.class:?]
	at net.minecraft.server.dedicated.DedicatedServer.func_71197_b(DedicatedServer.java:219) [nz.class:?]
	at net.minecraft.server.MinecraftServer.run(MinecraftServer.java:486) [MinecraftServer.class:?]
	at java.lang.Thread.run(Thread.java:750) [?:1.8.0_462]
Caused by: com.google.gson.stream.MalformedJsonException: Unterminated array at line 6 column 6 path $.pattern[1]
	at com.google.gson.stream.JsonReader.syntaxError(JsonReader.java:1559) ~[JsonReader.class:?]
	at com.google.gson.stream.JsonReader.doPeek(JsonReader.java:476) ~[JsonReader.class:?]
	at com.google.gson.stream.JsonReader.hasNext(JsonReader.java:414) ~[JsonReader.class:?]
	at com.google.gson.internal.bind.TypeAdapters$29.read(TypeAdapters.java:730) ~[TypeAdapters$29.class:?]
	at com.google.gson.internal.bind.TypeAdapters$29.read(TypeAdapters.java:739) ~[TypeAdapters$29.class:?]
	at com.google.gson.internal.bind.TypeAdapters$29.read(TypeAdapters.java:714) ~[TypeAdapters$29.class:?]
	at com.google.gson.internal.bind.TypeAdapters$35$1.read(TypeAdapters.java:910) ~[TypeAdapters$35$1.class:?]
	at net.minecraft.util.JsonUtils.func_188173_a(SourceFile:492) ~[rc.class:?]
	... 12 more
[17:08:06] [Server thread/INFO] [grimoireofgaia]: Registering recipes...
[17:08:06] [Server thread/INFO] [grimoireofgaia]: Recipe registration complete.
[17:08:06] [Server thread/WARN] [FML]: Potentially Dangerous alternative prefix `minecraft` for name `slime`, expected `tconstruct`. This could be a intended override, but in most cases indicates a broken mod.
[17:08:07] [Server thread/INFO] [FML]: Applying holder lookups
[17:08:07] [Server thread/INFO] [FML]: Holder lookups applied
[17:08:07] [Server thread/INFO] [cannibalism]: [Cannibalism] Initializating Recipes
[17:08:07] [Server thread/WARN] [net.minecraft.network.datasync.EntityDataManager]: defineId called for: class com.trolmastercard.sexmod.em from class com.trolmastercard.sexmod.ei
[17:08:07] [Server thread/INFO] [fossils]: After a billion years
[17:08:07] [Server thread/INFO] [fossils]: The show is still here
[17:08:07] [Server thread/INFO] [fossils]: Not a single one of your fathers died young
[17:08:07] [Server thread/INFO] [fossils]: The handy travelers out of Africa
[17:08:07] [Server thread/INFO] [fossils]: Little Lucy of the Afar
[17:08:07] [Server thread/WARN] [FML]: Potentially Dangerous alternative prefix `minecraft` for name `knapm_padded_pane_tile`, expected `knapm`. This could be a intended override, but in most cases indicates a broken mod.
[17:08:07] [Server thread/WARN] [FML]: Potentially Dangerous alternative prefix `minecraft` for name `knapm_bind_trap_tile`, expected `knapm`. This could be a intended override, but in most cases indicates a broken mod.
[17:08:07] [Server thread/WARN] [FML]: Potentially Dangerous alternative prefix `minecraft` for name `knapm_trapped_bondage_bed_tile`, expected `knapm`. This could be a intended override, but in most cases indicates a broken mod.
[17:08:07] [Server thread/WARN] [FML]: Potentially Dangerous alternative prefix `minecraft` for name `knapm_kidnap_bomb_tile`, expected `knapm`. This could be a intended override, but in most cases indicates a broken mod.
[17:08:07] [Server thread/INFO] [lucraftcore]: Module 'Utilities' started initialization
[17:08:07] [Server thread/INFO] [lucraftcore]: Module 'AddonPacks' started initialization
[17:08:07] [Server thread/INFO] [lucraftcore]: Module 'Materials' started initialization
[17:08:07] [Server thread/INFO] [lucraftcore]: Module 'Superpowers' started initialization
[17:08:07] [Server thread/INFO] [lucraftcore]: Module 'ExtendedInventory' started initialization
[17:08:07] [Server thread/INFO] [lucraftcore]: Module 'Karma' started initialization
[17:08:07] [Server thread/INFO] [lucraftcore]: Module 'Infinity' started initialization
[17:08:07] [Server thread/INFO] [lucraftcore]: Module 'SizeChanging' started initialization
[17:08:07] [Server thread/INFO] [FML]: Injecting itemstacks
[17:08:07] [Server thread/INFO] [FML]: Itemstack injection complete
[17:08:07] [Server thread/INFO] [botania]: The Lexica Botania has 26651 words.
[17:08:07] [Server thread/INFO] [cannibalism]: [Cannibalism] Checking Entity Mappings...
[17:08:07] [Server thread/INFO] [cannibalism]: [Cannibalism] Loading and reading data...
[17:08:07] [Server thread/INFO] [cannibalism]: [Cannibalism] Mod Locked and Loaded
[17:08:07] [Server thread/INFO] [cqrepoured]: Loading 20 dungeon configuration files...
[17:08:07] [Server thread/INFO] [cqrepoured]: Loading 2 grid configuration files...
[17:08:07] [Server thread/INFO] [sexmod]: loading up custom models...
[17:08:07] [Server thread/INFO] [sexmod]: found 0 custom model(s)
[17:08:08] [Server thread/INFO] [tconstruct-TinkerSmeltery]: Started adding oredict melting recipes
[17:08:10] [Server thread/INFO] [tconstruct-TinkerSmeltery]: Oredict melting recipes finished in 1994.722526 ms
[17:08:10] [Server thread/INFO] [lucraftcore]: Module 'Utilities' started post-initialization
[17:08:10] [Server thread/INFO] [lucraftcore]: Module 'AddonPacks' started post-initialization
[17:08:10] [Server thread/INFO] [lucraftcore]: Module 'Materials' started post-initialization
[17:08:10] [Server thread/INFO] [FML]: Ignored smelting recipe with conflicting input: 1xtile.oreIron@0 = 1xitem.ingotIron@0
[17:08:10] [Server thread/INFO] [FML]: Ignored smelting recipe with conflicting input: 1xtile.oreGold@0 = 1xitem.ingotGold@0
[17:08:10] [Server thread/INFO] [lucraftcore]: Module 'Superpowers' started post-initialization
[17:08:10] [Server thread/INFO] [lucraftcore]: Module 'ExtendedInventory' started post-initialization
[17:08:10] [Server thread/INFO] [lucraftcore]: Module 'Karma' started post-initialization
[17:08:10] [Server thread/INFO] [lucraftcore]: Module 'Infinity' started post-initialization
[17:08:10] [Server thread/INFO] [lucraftcore]: Module 'SizeChanging' started post-initialization
[17:08:10] [Server thread/INFO] [FML]: Forge Mod Loader has successfully loaded 41 mods
[17:08:10] [Server thread/INFO] [cqrepoured]: Successfully loaded texture set: textureSetPreset!
[17:08:10] [Server thread/INFO] [cqrepoured]: Successfully loaded texture set: TavernTS!
[17:08:10] [Server thread/INFO] [cqrepoured]: Loaded 2 texture Sets!
[17:08:10] [Server thread/INFO] [cqrepoured]: Default factions loaded and initialized!
[17:08:10] [Server thread/WARN] [cqrepoured]: Invalid entity-faction relation "iceandfire:dragonegg=DRAGONS"! Entity does not exists!
[17:08:10] [Server thread/WARN] [cqrepoured]: Invalid entity-faction relation "iceandfire:firedragon=DRAGONS"! Entity does not exists!
[17:08:10] [Server thread/WARN] [cqrepoured]: Invalid entity-faction relation "iceandfire:icedragon=DRAGONS"! Entity does not exists!
[17:08:10] [Server thread/INFO] [net.minecraft.server.dedicated.DedicatedServer]: Preparing level "world"
[17:08:10] [Server thread/INFO] [FML]: Injecting existing registry data into this server instance
[17:08:11] [Server thread/INFO] [FML]: Applying holder lookups
[17:08:11] [Server thread/INFO] [FML]: Holder lookups applied
[17:08:11] [Server thread/INFO] [FML]: Loading dimension 0 (world) (net.minecraft.server.dedicated.DedicatedServer@5c639ef1)
[17:08:11] [Server thread/WARN] [net.minecraft.world.storage.loot.LootTableManager]: Couldn't find resource table cqrepoured:entities/bosses/ender_calamity
[17:08:11] [Server thread/ERROR] [FML]: Parsing error loading built-in advancement baddragonmod:dontputitthere
com.google.gson.JsonSyntaxException: Invalid criterion trigger: minecraft:dontputitthere
	at net.minecraft.advancements.Criterion.func_192145_a(SourceFile:33) ~[n.class:?]
	at net.minecraft.advancements.Criterion.func_192144_b(SourceFile:46) ~[n.class:?]
	at net.minecraft.advancements.Advancement$Builder.func_192059_a(SourceFile:204) ~[i$a.class:?]
	at net.minecraft.advancements.AdvancementManager$1.deserialize(AdvancementManager.java:50) ~[ns$1.class:?]
	at net.minecraft.advancements.AdvancementManager$1.deserialize(AdvancementManager.java:46) ~[ns$1.class:?]
	at com.google.gson.internal.bind.TreeTypeAdapter.read(TreeTypeAdapter.java:69) ~[TreeTypeAdapter.class:?]
	at net.minecraft.util.JsonUtils.func_188173_a(SourceFile:492) ~[rc.class:?]
	at net.minecraft.util.JsonUtils.func_188176_a(SourceFile:517) ~[rc.class:?]
	at net.minecraft.util.JsonUtils.func_188178_a(SourceFile:537) ~[rc.class:?]
	at net.minecraftforge.common.ForgeHooks.lambda$loadAdvancements$0(ForgeHooks.java:1381) ~[ForgeHooks.class:14.23.5.2860]
	at net.minecraftforge.common.crafting.CraftingHelper.findFiles(CraftingHelper.java:833) [CraftingHelper.class:?]
	at net.minecraftforge.common.ForgeHooks.loadAdvancements(ForgeHooks.java:1359) [ForgeHooks.class:14.23.5.2860]
	at net.minecraftforge.common.ForgeHooks.loadAdvancements(ForgeHooks.java:1326) [ForgeHooks.class:14.23.5.2860]
	at net.minecraft.advancements.AdvancementManager.func_192779_a(AdvancementManager.java:69) [ns.class:?]
	at net.minecraft.advancements.AdvancementManager.<init>(AdvancementManager.java:60) [ns.class:?]
	at net.minecraft.world.WorldServer.func_175643_b(WorldServer.java:156) [oo.class:?]
	at net.minecraft.server.MinecraftServer.func_71247_a(MinecraftServer.java:298) [MinecraftServer.class:?]
	at net.minecraft.server.dedicated.DedicatedServer.func_71197_b(DedicatedServer.java:270) [nz.class:?]
	at net.minecraft.server.MinecraftServer.run(MinecraftServer.java:486) [MinecraftServer.class:?]
	at java.lang.Thread.run(Thread.java:750) [?:1.8.0_462]
[17:08:11] [Server thread/INFO] [net.minecraft.advancements.AdvancementList]: Loaded 816 advancements
[17:08:12] [Server thread/INFO] [FML]: Loading dimension -1 (world) (net.minecraft.server.dedicated.DedicatedServer@5c639ef1)
[17:08:12] [Server thread/INFO] [FML]: Loading dimension 1 (world) (net.minecraft.server.dedicated.DedicatedServer@5c639ef1)
[17:08:12] [Server thread/INFO] [FML]: Loading dimension -23 (world) (net.minecraft.server.dedicated.DedicatedServer@5c639ef1)
[17:08:12] [Server thread/INFO] [FML]: Loading dimension -24 (world) (net.minecraft.server.dedicated.DedicatedServer@5c639ef1)
[17:08:12] [Server thread/INFO] [FML]: Loading dimension 7 (world) (net.minecraft.server.dedicated.DedicatedServer@5c639ef1)
[17:08:12] [Server thread/INFO] [net.minecraft.server.MinecraftServer]: Preparing start region for level 0
[17:08:13] [Server thread/INFO] [net.minecraft.server.MinecraftServer]: Preparing spawn area: 65%
[17:08:13] [Server thread/INFO] [net.minecraft.server.dedicated.DedicatedServer]: Done (2.833s)! For help, type "help" or "?"
[17:08:13] [Server thread/INFO] [STDOUT]: [sorazodia.api.nbt.IO:<init>:36]: [Cannibalism] NBT Location: ./saves/world/SavedPlayerData
[17:08:13] [Server thread/INFO] [cannibalism]: [Cannibalism] Attempting to read playerdata...
[17:08:13] [Server thread/INFO] [cannibalism]: [Cannibalism] Completed
[17:08:13] [Server thread/INFO] [net.minecraft.server.dedicated.DedicatedServer]: [Kidnap Mod] Jobs enabled
[17:08:13] [Server thread/INFO] [net.minecraft.server.dedicated.DedicatedServer]: [Kidnap Mod] 3 jobs loaded
[17:08:13] [Server thread/INFO] [net.minecraft.server.dedicated.DedicatedServer]: [Kidnap Mod] Sales enabled
[17:08:13] [Server thread/INFO] [net.minecraft.server.dedicated.DedicatedServer]: [Kidnap Mod] 3 sales loaded
[17:08:13] [Server thread/INFO] [ASMUtil]: Transforming class net/minecraft/pathfinding/Path
[17:08:13] [Server thread/INFO] [ASMUtil]: Transforming method net/minecraft/pathfinding/Path.func_75881_a(Lnet/minecraft/entity/Entity;I)Lnet/minecraft/util/math/Vec3d;
[17:08:13] [Server thread/INFO] [FML]: Unloading dimension -1
[17:08:13] [Server thread/INFO] [FML]: Unloading dimension 1
[17:08:13] [Server thread/INFO] [FML]: Unloading dimension -23
[17:08:13] [Server thread/INFO] [FML]: Unloading dimension -24
[17:08:13] [Server thread/INFO] [FML]: Unloading dimension 7
[17:11:24] [Server thread/INFO] [ASMUtil]: Transforming class net/minecraft/network/NetHandlerPlayServer
[17:11:24] [Server thread/INFO] [ASMUtil]: Transforming method net/minecraft/network/NetHandlerPlayServer.func_147340_a(Lnet/minecraft/network/play/client/CPacketUseEntity;)V
[17:11:24] [Server thread/INFO] [ASMUtil]: Transforming class net/minecraft/network/NetHandlerPlayServer
[17:11:24] [Server thread/INFO] [ASMUtil]: Transforming method net/minecraft/network/NetHandlerPlayServer.func_147345_a(Lnet/minecraft/network/play/client/CPacketPlayerDigging;)V
[17:11:24] [Netty Epoll Server IO #2/INFO] [FML]: Client protocol version 2
[17:11:24] [Netty Epoll Server IO #2/INFO] [FML]: Client attempting to join with 56 mods : baddragonmod@1.12.2,cannibalism@5.6.10,reachfix@1.1.3,creativecoredummy@1.0.0,openmods@0.12.2,jei@4.16.1.1013,damageindicatorsmod@1.0,netherbackport@1.0.0,bibliocraft@2.4.6,mcp@9.42,magicclover@1.12-0.7.8,journeymap@1.12.2-5.7.1p3,artifacts@1.12.2-1.2.4,naturescompass@1.8.5,travelersbackpack@1.0.35,llibrary@1.7.20,termat@beta,grimoireofgaia@1.7.2,fossil@8.0.5,waila@1.8.26,guideapi@1.12-2.1.8-63,magicmirror@1.0,lmmlcm@1.0,forge@14.23.5.2860,bloodmagic@1.12.2-2.4.3-105,twilightforest@3.13b,openblocks@1.8.1,minecraft@1.12.2,tconstruct@1.12.2-2.13.0.183,immersiveengineering@0.12-98,baubles@1.5.2,openmodscore@0.12.2,terrarian_arsenal@1.0.0,creativecore@1.10.0,knapm@1.3.0,botania@r1.10-364,rustic@1.1.7,sexmod@1.1.0,mantle@1.12-1.3.3.55,sit@v1.3,freecam@2.0.0,huntersdream@1.1.3,FML@8.0.99.99,obfuscate@0.4.2,taiga@1.12.2-1.3.3,opframe@1.4.0,bard_mania@0.15.0-alpha,fnafroblocks@2.5.3,pymtech@1.12.2-1.0.2,aquaculture@1.6.8,lucraftcore@1.12.2-2.4.16,cqrepoured@2.7.1B,lovely_robot@1.1.0,geckolib3@3.0.30,splatcraft@2.2.2,letyourfriendeating@1.0.1-BETA
[17:11:25] [Server thread/INFO] [net.minecraft.network.NetHandlerPlayServer]: Repollo_115 lost connection: Disconnected
[17:11:25] [Server thread/INFO] [net.minecraft.server.dedicated.DedicatedServer]: Repollo_115 left the game
[17:11:35] [Netty Epoll Server IO #3/INFO] [FML]: Client protocol version 2
[17:11:35] [Netty Epoll Server IO #3/INFO] [FML]: Client attempting to join with 56 mods : baddragonmod@1.12.2,cannibalism@5.6.10,reachfix@1.1.3,creativecoredummy@1.0.0,openmods@0.12.2,jei@4.16.1.1013,damageindicatorsmod@1.0,netherbackport@1.0.0,bibliocraft@2.4.6,mcp@9.42,magicclover@1.12-0.7.8,journeymap@1.12.2-5.7.1p3,artifacts@1.12.2-1.2.4,naturescompass@1.8.5,travelersbackpack@1.0.35,llibrary@1.7.20,termat@beta,grimoireofgaia@1.7.2,fossil@8.0.5,waila@1.8.26,guideapi@1.12-2.1.8-63,magicmirror@1.0,lmmlcm@1.0,forge@14.23.5.2860,bloodmagic@1.12.2-2.4.3-105,twilightforest@3.13b,openblocks@1.8.1,minecraft@1.12.2,tconstruct@1.12.2-2.13.0.183,immersiveengineering@0.12-98,baubles@1.5.2,openmodscore@0.12.2,terrarian_arsenal@1.0.0,creativecore@1.10.0,knapm@1.3.0,botania@r1.10-364,rustic@1.1.7,sexmod@1.1.0,mantle@1.12-1.3.3.55,sit@v1.3,freecam@2.0.0,huntersdream@1.1.3,FML@8.0.99.99,obfuscate@0.4.2,taiga@1.12.2-1.3.3,opframe@1.4.0,bard_mania@0.15.0-alpha,fnafroblocks@2.5.3,pymtech@1.12.2-1.0.2,aquaculture@1.6.8,lucraftcore@1.12.2-2.4.16,cqrepoured@2.7.1B,lovely_robot@1.1.0,geckolib3@3.0.30,splatcraft@2.2.2,letyourfriendeating@1.0.1-BETA
[17:11:35] [Server thread/INFO] [net.minecraft.network.NetHandlerPlayServer]: Repollo_115 lost connection: Disconnected
[17:11:35] [Server thread/INFO] [net.minecraft.server.dedicated.DedicatedServer]: Repollo_115 left the game
[17:16:56] [Netty Epoll Server IO #7/INFO] [FML]: Client protocol version 2
[17:16:56] [Netty Epoll Server IO #7/INFO] [FML]: Client attempting to join with 45 mods : minecraft@1.12.2,baddragonmod@1.12.2,tconstruct@1.12.2-2.13.0.183,cannibalism@5.6.10,reachfix@1.1.3,baubles@1.5.2,openmodscore@0.12.2,knapm@1.3.0,openmods@0.12.2,jei@4.16.1.1013,damageindicatorsmod@1.0,netherbackport@1.0.0,botania@r1.10-364,rustic@1.1.7,bibliocraft@2.4.6,sexmod@1.1.0,mantle@1.12-1.3.3.55,mcp@9.42,journeymap@1.12.2-5.7.1p3,artifacts@1.12.2-1.2.4,naturescompass@1.8.5,travelersbackpack@1.0.35,huntersdream@1.1.3,FML@8.0.99.99,obfuscate@0.4.2,taiga@1.12.2-1.3.3,llibrary@1.7.20,grimoireofgaia@1.7.2,fossil@8.0.5,waila@1.8.26,fnafroblocks@2.5.3,pymtech@1.12.2-1.0.2,aquaculture@1.6.8,guideapi@1.12-2.1.8-63,magicmirror@1.0,lucraftcore@1.12.2-2.4.16,cqrepoured@2.7.1B,lmmlcm@1.0,forge@14.23.5.2860,lovely_robot@1.1.0,bloodmagic@1.12.2-2.4.3-105,twilightforest@3.13b,geckolib3@3.0.30,openblocks@1.8.1,letyourfriendeating@1.0.1-BETA
[17:16:58] [Server thread/INFO] [FML]: [Server thread] Server side modded connection established
[17:16:58] [Server thread/INFO] [net.minecraft.server.management.PlayerList]: Repollo_115[/100.66.32.25:52449] logged in with entity id 534 at (84.5, 84.0, 260.5)
[17:16:58] [Server thread/INFO] [net.minecraft.server.dedicated.DedicatedServer]: Repollo_115 joined the game
[17:16:58] [Server thread/INFO] [cqrepoured]: Loading player reputation...
[17:21:43] [Netty Epoll Server IO #1/INFO] [FML]: Client protocol version 2
[17:21:43] [Netty Epoll Server IO #1/INFO] [FML]: Client attempting to join with 45 mods : minecraft@1.12.2,baddragonmod@1.12.2,tconstruct@1.12.2-2.13.0.183,cannibalism@5.6.10,reachfix@1.1.3,baubles@1.5.2,openmodscore@0.12.2,knapm@1.3.0,openmods@0.12.2,jei@4.16.1.1013,damageindicatorsmod@1.0,netherbackport@1.0.0,botania@r1.10-364,rustic@1.1.7,bibliocraft@2.4.6,sexmod@1.1.0,mantle@1.12-1.3.3.55,mcp@9.42,journeymap@1.12.2-5.7.1p3,artifacts@1.12.2-1.2.4,naturescompass@1.8.5,travelersbackpack@1.0.35,huntersdream@1.1.3,FML@8.0.99.99,obfuscate@0.4.2,taiga@1.12.2-1.3.3,llibrary@1.7.20,grimoireofgaia@1.7.2,fossil@8.0.5,waila@1.8.26,fnafroblocks@2.5.3,pymtech@1.12.2-1.0.2,aquaculture@1.6.8,guideapi@1.12-2.1.8-63,magicmirror@1.0,lucraftcore@1.12.2-2.4.16,cqrepoured@2.7.1B,lmmlcm@1.0,forge@14.23.5.2860,lovely_robot@1.1.0,bloodmagic@1.12.2-2.4.3-105,twilightforest@3.13b,geckolib3@3.0.30,openblocks@1.8.1,letyourfriendeating@1.0.1-BETA
[17:21:48] [Server thread/INFO] [FML]: [Server thread] Server side modded connection established
[17:21:48] [Server thread/INFO] [net.minecraft.server.management.PlayerList]: Stoffpuppe[/100.67.210.46:58456] logged in with entity id 10985 at (81.0, 85.0, 256.0)
[17:21:48] [Server thread/INFO] [net.minecraft.server.dedicated.DedicatedServer]: Stoffpuppe joined the game
[17:21:48] [Server thread/INFO] [cqrepoured]: Loading player reputation...
[17:22:05] [Server thread/INFO] [net.minecraft.network.NetHandlerPlayServer]: Stoffpuppe lost connection: Timed out
[17:22:05] [Server thread/INFO] [net.minecraft.server.dedicated.DedicatedServer]: Stoffpuppe left the game
[17:22:27] [Netty Epoll Server IO #2/INFO] [FML]: Client protocol version 2
[17:22:27] [Netty Epoll Server IO #2/INFO] [FML]: Client attempting to join with 45 mods : minecraft@1.12.2,baddragonmod@1.12.2,tconstruct@1.12.2-2.13.0.183,cannibalism@5.6.10,reachfix@1.1.3,baubles@1.5.2,openmodscore@0.12.2,knapm@1.3.0,openmods@0.12.2,jei@4.16.1.1013,damageindicatorsmod@1.0,netherbackport@1.0.0,botania@r1.10-364,rustic@1.1.7,bibliocraft@2.4.6,sexmod@1.1.0,mantle@1.12-1.3.3.55,mcp@9.42,journeymap@1.12.2-5.7.1p3,artifacts@1.12.2-1.2.4,naturescompass@1.8.5,travelersbackpack@1.0.35,huntersdream@1.1.3,FML@8.0.99.99,obfuscate@0.4.2,taiga@1.12.2-1.3.3,llibrary@1.7.20,grimoireofgaia@1.7.2,fossil@8.0.5,waila@1.8.26,fnafroblocks@2.5.3,pymtech@1.12.2-1.0.2,aquaculture@1.6.8,guideapi@1.12-2.1.8-63,magicmirror@1.0,lucraftcore@1.12.2-2.4.16,cqrepoured@2.7.1B,lmmlcm@1.0,forge@14.23.5.2860,lovely_robot@1.1.0,bloodmagic@1.12.2-2.4.3-105,twilightforest@3.13b,geckolib3@3.0.30,openblocks@1.8.1,letyourfriendeating@1.0.1-BETA
[17:22:31] [Server thread/INFO] [FML]: [Server thread] Server side modded connection established
[17:22:31] [Server thread/INFO] [net.minecraft.server.management.PlayerList]: Stoffpuppe[/100.67.210.46:53197] logged in with entity id 13059 at (81.0, 85.0, 256.0)
[17:22:31] [Server thread/INFO] [net.minecraft.server.dedicated.DedicatedServer]: Stoffpuppe joined the game
[17:22:31] [Server thread/INFO] [cqrepoured]: Loading player reputation...
[17:23:01] [Netty Epoll Server IO #2/ERROR] [FML]: NetworkDispatcher exception
io.netty.handler.timeout.ReadTimeoutException: null
[17:23:01] [Server thread/INFO] [net.minecraft.network.NetHandlerPlayServer]: Stoffpuppe lost connection: Disconnected
[17:23:01] [Server thread/INFO] [net.minecraft.server.dedicated.DedicatedServer]: Stoffpuppe left the game
[17:23:44] [Netty Epoll Server IO #4/INFO] [FML]: Client protocol version 2
[17:23:44] [Netty Epoll Server IO #4/INFO] [FML]: Client attempting to join with 45 mods : minecraft@1.12.2,baddragonmod@1.12.2,tconstruct@1.12.2-2.13.0.183,cannibalism@5.6.10,reachfix@1.1.3,baubles@1.5.2,openmodscore@0.12.2,knapm@1.3.0,openmods@0.12.2,jei@4.16.1.1013,damageindicatorsmod@1.0,netherbackport@1.0.0,botania@r1.10-364,rustic@1.1.7,bibliocraft@2.4.6,sexmod@1.1.0,mantle@1.12-1.3.3.55,mcp@9.42,journeymap@1.12.2-5.7.1p3,artifacts@1.12.2-1.2.4,naturescompass@1.8.5,travelersbackpack@1.0.35,huntersdream@1.1.3,FML@8.0.99.99,obfuscate@0.4.2,taiga@1.12.2-1.3.3,llibrary@1.7.20,grimoireofgaia@1.7.2,fossil@8.0.5,waila@1.8.26,fnafroblocks@2.5.3,pymtech@1.12.2-1.0.2,aquaculture@1.6.8,guideapi@1.12-2.1.8-63,magicmirror@1.0,lucraftcore@1.12.2-2.4.16,cqrepoured@2.7.1B,lmmlcm@1.0,forge@14.23.5.2860,lovely_robot@1.1.0,bloodmagic@1.12.2-2.4.3-105,twilightforest@3.13b,geckolib3@3.0.30,openblocks@1.8.1,letyourfriendeating@1.0.1-BETA
[17:23:47] [Server thread/INFO] [FML]: [Server thread] Server side modded connection established
[17:23:47] [Server thread/INFO] [net.minecraft.server.management.PlayerList]: Stoffpuppe[/100.67.210.46:63004] logged in with entity id 17248 at (81.0, 85.0, 256.0)
[17:23:47] [Server thread/INFO] [net.minecraft.server.dedicated.DedicatedServer]: Stoffpuppe joined the game
[17:23:47] [Server thread/INFO] [cqrepoured]: Loading player reputation...
[17:24:10] [Server thread/INFO] [net.minecraft.network.NetHandlerPlayServer]: Stoffpuppe lost connection: Timed out
[17:24:10] [Server thread/INFO] [net.minecraft.server.dedicated.DedicatedServer]: Stoffpuppe left the game
[17:24:45] [Netty Epoll Server IO #5/INFO] [FML]: Client protocol version 2
[17:24:45] [Netty Epoll Server IO #5/INFO] [FML]: Client attempting to join with 45 mods : minecraft@1.12.2,baddragonmod@1.12.2,tconstruct@1.12.2-2.13.0.183,cannibalism@5.6.10,reachfix@1.1.3,baubles@1.5.2,openmodscore@0.12.2,knapm@1.3.0,openmods@0.12.2,jei@4.16.1.1013,damageindicatorsmod@1.0,netherbackport@1.0.0,botania@r1.10-364,rustic@1.1.7,bibliocraft@2.4.6,sexmod@1.1.0,mantle@1.12-1.3.3.55,mcp@9.42,journeymap@1.12.2-5.7.1p3,artifacts@1.12.2-1.2.4,naturescompass@1.8.5,travelersbackpack@1.0.35,huntersdream@1.1.3,FML@8.0.99.99,obfuscate@0.4.2,taiga@1.12.2-1.3.3,llibrary@1.7.20,grimoireofgaia@1.7.2,fossil@8.0.5,waila@1.8.26,fnafroblocks@2.5.3,pymtech@1.12.2-1.0.2,aquaculture@1.6.8,guideapi@1.12-2.1.8-63,magicmirror@1.0,lucraftcore@1.12.2-2.4.16,cqrepoured@2.7.1B,lmmlcm@1.0,forge@14.23.5.2860,lovely_robot@1.1.0,bloodmagic@1.12.2-2.4.3-105,twilightforest@3.13b,geckolib3@3.0.30,openblocks@1.8.1,letyourfriendeating@1.0.1-BETA
[17:24:47] [Server thread/INFO] [FML]: [Server thread] Server side modded connection established
[17:24:47] [Server thread/INFO] [net.minecraft.server.management.PlayerList]: Stoffpuppe[/100.67.210.46:63611] logged in with entity id 19629 at (81.0, 85.0, 256.0)
[17:24:47] [Server thread/INFO] [net.minecraft.server.dedicated.DedicatedServer]: Stoffpuppe joined the game
[17:24:47] [Server thread/INFO] [cqrepoured]: Loading player reputation...
[17:25:10] [Server thread/INFO] [net.minecraft.network.NetHandlerPlayServer]: Stoffpuppe lost connection: Timed out
[17:25:10] [Server thread/INFO] [net.minecraft.server.dedicated.DedicatedServer]: Stoffpuppe left the game
[17:25:23] [Netty Epoll Server IO #6/INFO] [FML]: Client protocol version 2
[17:25:23] [Netty Epoll Server IO #6/INFO] [FML]: Client attempting to join with 45 mods : minecraft@1.12.2,baddragonmod@1.12.2,tconstruct@1.12.2-2.13.0.183,cannibalism@5.6.10,reachfix@1.1.3,baubles@1.5.2,openmodscore@0.12.2,knapm@1.3.0,openmods@0.12.2,jei@4.16.1.1013,damageindicatorsmod@1.0,netherbackport@1.0.0,botania@r1.10-364,rustic@1.1.7,bibliocraft@2.4.6,sexmod@1.1.0,mantle@1.12-1.3.3.55,mcp@9.42,journeymap@1.12.2-5.7.1p3,artifacts@1.12.2-1.2.4,naturescompass@1.8.5,travelersbackpack@1.0.35,huntersdream@1.1.3,FML@8.0.99.99,obfuscate@0.4.2,taiga@1.12.2-1.3.3,llibrary@1.7.20,grimoireofgaia@1.7.2,fossil@8.0.5,waila@1.8.26,fnafroblocks@2.5.3,pymtech@1.12.2-1.0.2,aquaculture@1.6.8,guideapi@1.12-2.1.8-63,magicmirror@1.0,lucraftcore@1.12.2-2.4.16,cqrepoured@2.7.1B,lmmlcm@1.0,forge@14.23.5.2860,lovely_robot@1.1.0,bloodmagic@1.12.2-2.4.3-105,twilightforest@3.13b,geckolib3@3.0.30,openblocks@1.8.1,letyourfriendeating@1.0.1-BETA
[17:25:24] [Server thread/INFO] [FML]: [Server thread] Server side modded connection established
[17:25:24] [Server thread/INFO] [net.minecraft.server.management.PlayerList]: Stoffpuppe[/100.67.210.46:56217] logged in with entity id 21060 at (81.0, 85.0, 256.0)
[17:25:24] [Server thread/INFO] [net.minecraft.server.dedicated.DedicatedServer]: Stoffpuppe joined the game
[17:25:25] [Server thread/INFO] [cqrepoured]: Loading player reputation...
[17:25:41] [Server thread/INFO] [net.minecraft.network.NetHandlerPlayServer]: Stoffpuppe lost connection: Timed out
[17:25:41] [Server thread/INFO] [net.minecraft.server.dedicated.DedicatedServer]: Stoffpuppe left the game
[17:26:03] [Server thread/INFO] [net.minecraft.server.dedicated.DedicatedServer]: Set the time to 1000
[17:26:45] [Netty Epoll Server IO #7/INFO] [FML]: Client protocol version 2
[17:26:45] [Netty Epoll Server IO #7/INFO] [FML]: Client attempting to join with 45 mods : minecraft@1.12.2,baddragonmod@1.12.2,tconstruct@1.12.2-2.13.0.183,cannibalism@5.6.10,reachfix@1.1.3,baubles@1.5.2,openmodscore@0.12.2,knapm@1.3.0,openmods@0.12.2,jei@4.16.1.1013,damageindicatorsmod@1.0,netherbackport@1.0.0,botania@r1.10-364,rustic@1.1.7,bibliocraft@2.4.6,sexmod@1.1.0,mantle@1.12-1.3.3.55,mcp@9.42,journeymap@1.12.2-5.7.1p3,artifacts@1.12.2-1.2.4,naturescompass@1.8.5,travelersbackpack@1.0.35,huntersdream@1.1.3,FML@8.0.99.99,obfuscate@0.4.2,taiga@1.12.2-1.3.3,llibrary@1.7.20,grimoireofgaia@1.7.2,fossil@8.0.5,waila@1.8.26,fnafroblocks@2.5.3,pymtech@1.12.2-1.0.2,aquaculture@1.6.8,guideapi@1.12-2.1.8-63,magicmirror@1.0,lucraftcore@1.12.2-2.4.16,cqrepoured@2.7.1B,lmmlcm@1.0,forge@14.23.5.2860,lovely_robot@1.1.0,bloodmagic@1.12.2-2.4.3-105,twilightforest@3.13b,geckolib3@3.0.30,openblocks@1.8.1,letyourfriendeating@1.0.1-BETA
[17:26:48] [Server thread/INFO] [FML]: [Server thread] Server side modded connection established
[17:26:48] [Server thread/INFO] [net.minecraft.server.management.PlayerList]: Stoffpuppe[/100.67.210.46:56688] logged in with entity id 25030 at (81.0, 85.0, 256.0)
[17:26:48] [Server thread/INFO] [net.minecraft.server.dedicated.DedicatedServer]: Stoffpuppe joined the game
[17:26:49] [Server thread/INFO] [cqrepoured]: Loading player reputation...
[17:27:06] [Server thread/INFO] [net.minecraft.network.NetHandlerPlayServer]: Stoffpuppe lost connection: Timed out
[17:27:06] [Server thread/INFO] [net.minecraft.server.dedicated.DedicatedServer]: Stoffpuppe left the game
[17:27:46] [Server thread/INFO] [net.minecraft.server.dedicated.DedicatedServer]: There is no such mob effect with ID resitence
[17:28:01] [Server thread/INFO] [net.minecraft.server.dedicated.DedicatedServer]: Given Night Vision (ID 16) * 0 to Repollo_115 for 30 seconds
[17:28:16] [Server thread/INFO] [net.minecraft.server.dedicated.DedicatedServer]: Given Weakness (ID 18) * 0 to Repollo_115 for 30 seconds
[17:28:52] [Netty Epoll Server IO #0/INFO] [FML]: Client protocol version 2
[17:28:52] [Netty Epoll Server IO #0/INFO] [FML]: Client attempting to join with 45 mods : minecraft@1.12.2,baddragonmod@1.12.2,tconstruct@1.12.2-2.13.0.183,cannibalism@5.6.10,reachfix@1.1.3,baubles@1.5.2,openmodscore@0.12.2,knapm@1.3.0,openmods@0.12.2,jei@4.16.1.1013,damageindicatorsmod@1.0,netherbackport@1.0.0,botania@r1.10-364,rustic@1.1.7,bibliocraft@2.4.6,sexmod@1.1.0,mantle@1.12-1.3.3.55,mcp@9.42,journeymap@1.12.2-5.7.1p3,artifacts@1.12.2-1.2.4,naturescompass@1.8.5,travelersbackpack@1.0.35,huntersdream@1.1.3,FML@8.0.99.99,obfuscate@0.4.2,taiga@1.12.2-1.3.3,llibrary@1.7.20,grimoireofgaia@1.7.2,fossil@8.0.5,waila@1.8.26,fnafroblocks@2.5.3,pymtech@1.12.2-1.0.2,aquaculture@1.6.8,guideapi@1.12-2.1.8-63,magicmirror@1.0,lucraftcore@1.12.2-2.4.16,cqrepoured@2.7.1B,lmmlcm@1.0,forge@14.23.5.2860,lovely_robot@1.1.0,bloodmagic@1.12.2-2.4.3-105,twilightforest@3.13b,geckolib3@3.0.30,openblocks@1.8.1,letyourfriendeating@1.0.1-BETA
[17:28:55] [Server thread/INFO] [FML]: [Server thread] Server side modded connection established
[17:28:55] [Server thread/INFO] [net.minecraft.server.management.PlayerList]: Stoffpuppe[/100.67.210.46:62741] logged in with entity id 29323 at (81.0, 85.0, 256.0)
[17:28:55] [Server thread/INFO] [net.minecraft.server.dedicated.DedicatedServer]: Stoffpuppe joined the game
[17:28:55] [Server thread/INFO] [cqrepoured]: Loading player reputation...
[17:33:41] [Server thread/INFO] [net.minecraft.server.dedicated.DedicatedServer]: Entity 'effect' cannot be found
[17:33:51] [Server thread/INFO] [net.minecraft.server.dedicated.DedicatedServer]: Given Resistance (ID 11) * 0 to Repollo_115 for 30 seconds
[17:33:51] [Server thread/INFO] [net.minecraft.server.dedicated.DedicatedServer]: Given Resistance (ID 11) * 0 to Stoffpuppe for 30 seconds
[17:34:22] [Server thread/INFO] [net.minecraft.server.dedicated.DedicatedServer]: Opped Repollo_115
[17:35:26] [Server thread/INFO] [net.minecraft.server.dedicated.DedicatedServer]: [Repollo_115: Given Resistance (ID 11) * 7 to Repollo_115 for 9999 seconds]
[17:35:26] [Server thread/INFO] [net.minecraft.server.dedicated.DedicatedServer]: [Repollo_115: Given Resistance (ID 11) * 7 to Stoffpuppe for 9999 seconds]
[17:40:02] [Server thread/INFO] [net.minecraft.server.dedicated.DedicatedServer]: [Repollo_115: Set own game mode to Creative Mode]
[17:40:02] [Server thread/INFO] [net.minecraft.server.dedicated.DedicatedServer]: [Repollo_115: Set Stoffpuppe's game mode to Creative Mode]
[17:51:09] [Server thread/INFO] [net.minecraft.server.dedicated.DedicatedServer]: Set Repollo_115's game mode to Survival Mode
[17:51:09] [Server thread/INFO] [net.minecraft.server.dedicated.DedicatedServer]: Set Stoffpuppe's game mode to Survival Mode
[17:54:25] [Server thread/INFO] [net.minecraft.server.dedicated.DedicatedServer]: Stoffpuppe has made the advancement [Stone Age]
[17:57:23] [Server thread/INFO] [net.minecraft.server.dedicated.DedicatedServer]: Stoffpuppe has made the advancement [Getting an Upgrade]
[18:04:54] [Server thread/INFO] [net.minecraft.server.dedicated.DedicatedServer]: Stoffpuppe has made the advancement [Monster Hunter]
[18:06:11] [Server thread/INFO] [net.minecraft.network.NetHandlerPlayServer]: Stoffpuppe lost connection: Disconnected
[18:06:11] [Server thread/INFO] [net.minecraft.server.dedicated.DedicatedServer]: Stoffpuppe left the game
[18:06:16] [Server thread/INFO] [net.minecraft.network.NetHandlerPlayServer]: Repollo_115 lost connection: Disconnected
[18:06:16] [Server thread/INFO] [net.minecraft.server.dedicated.DedicatedServer]: Repollo_115 left the game
